{
  "type": "FeatureCollection",
  "features": [
    {
      "type": "Feature",
      "id": "route_spur_kashgar_artux",
      "properties": {
        "kind": "spur",
        "label": "Kashgar → Artux",
        "title": "Kashgar → Artux",
        "description": "",
        "stroke": "#1a1208",
        "stroke-width": 5,
        "stroke-opacity": 0.9
      },
      "geometry": {
        "type": "LineString",
        "coordinates": [
          [
            75.988468,
            39.465393
          ],
          [
            75.988468,
            39.465393
          ],
          [
            75.988532,
            39.465866
          ],
          [
            75.986969,
            39.46583
          ],
          [
            75.98691,
            39.465829
          ],
          [
            75.986748,
            39.465826
          ],
          [
            75.986721,
            39.467075
          ],
          [
            75.986707,
            39.467242
          ],
          [
            75.986639,
            39.468529
          ],
          [
            75.986604,
            39.469524
          ],
          [
            75.986579,
            39.470161
          ],
          [
            75.986473,
            39.472796
          ],
          [
            75.986451,
            39.473154
          ],
          [
            75.986344,
            39.475041
          ],
          [
            75.986331,
            39.475264
          ],
          [
            75.986334,
            39.475552
          ],
          [
            75.986335,
            39.475649
          ],
          [
            75.986336,
            39.475728
          ],
          [
            75.98636,
            39.475837
          ],
          [
            75.986397,
            39.475928
          ],
          [
            75.986503,
            39.476191
          ],
          [
            75.98763,
            39.478191
          ],
          [
            75.988107,
            39.479141
          ],
          [
            75.98814,
            39.479288
          ],
          [
            75.988181,
            39.479433
          ],
          [
            75.988276,
            39.479755
          ],
          [
            75.98839,
            39.480246
          ],
          [
            75.988436,
            39.480466
          ],
          [
            75.988749,
            39.481721
          ],
          [
            75.989096,
            39.482903
          ],
          [
            75.98936,
            39.483407
          ],
          [
            75.989397,
            39.483457
          ],
          [
            75.989815,
            39.484
          ],
          [
            75.990333,
            39.484473
          ],
          [
            75.993608,
            39.486595
          ],
          [
            75.99566,
            39.487924
          ],
          [
            75.997365,
            39.489062
          ],
          [
            75.997877,
            39.489405
          ],
          [
            75.998231,
            39.489644
          ],
          [
            75.998339,
            39.489737
          ],
          [
            75.998643,
            39.490041
          ],
          [
            75.998884,
            39.49033
          ],
          [
            75.999117,
            39.49078
          ],
          [
            75.99934,
            39.49122
          ],
          [
            75.999415,
            39.491628
          ],
          [
            75.999429,
            39.491702
          ],
          [
            75.999442,
            39.492259
          ],
          [
            75.999297,
            39.494498
          ],
          [
            75.99929,
            39.4946
          ],
          [
            75.998987,
            39.497932
          ],
          [
            75.998532,
            39.502787
          ],
          [
            75.998312,
            39.505373
          ],
          [
            75.998118,
            39.507651
          ],
          [
            75.997936,
            39.509787
          ],
          [
            75.99776,
            39.511848
          ],
          [
            75.997225,
            39.51806
          ],
          [
            75.997164,
            39.518441
          ],
          [
            75.997052,
            39.518875
          ],
          [
            75.996908,
            39.519227
          ],
          [
            75.996759,
            39.519585
          ],
          [
            75.996725,
            39.519666
          ],
          [
            75.996687,
            39.519756
          ],
          [
            75.996194,
            39.520681
          ],
          [
            75.995319,
            39.522026
          ],
          [
            75.994811,
            39.523315
          ],
          [
            75.994697,
            39.523694
          ],
          [
            75.993842,
            39.527332
          ],
          [
            75.993396,
            39.529233
          ],
          [
            75.992997,
            39.531169
          ],
          [
            75.992817,
            39.531983
          ],
          [
            75.99262,
            39.532875
          ],
          [
            75.992556,
            39.533168
          ],
          [
            75.992491,
            39.533462
          ],
          [
            75.992471,
            39.533551
          ],
          [
            75.992335,
            39.534109
          ],
          [
            75.992322,
            39.534165
          ],
          [
            75.991707,
            39.537293
          ],
          [
            75.990373,
            39.544173
          ],
          [
            75.990348,
            39.544329
          ],
          [
            75.98968,
            39.547978
          ],
          [
            75.989518,
            39.548796
          ],
          [
            75.989493,
            39.548919
          ],
          [
            75.989439,
            39.549194
          ],
          [
            75.989279,
            39.550218
          ],
          [
            75.988486,
            39.55461
          ],
          [
            75.98848,
            39.554656
          ],
          [
            75.988471,
            39.554713
          ],
          [
            75.988136,
            39.556528
          ],
          [
            75.988044,
            39.557024
          ],
          [
            75.987883,
            39.55847
          ],
          [
            75.987742,
            39.559319
          ],
          [
            75.987483,
            39.560724
          ],
          [
            75.987231,
            39.561598
          ],
          [
            75.986868,
            39.563535
          ],
          [
            75.986593,
            39.56504
          ],
          [
            75.984958,
            39.574015
          ],
          [
            75.984544,
            39.57642
          ],
          [
            75.984464,
            39.576887
          ],
          [
            75.983692,
            39.58094
          ],
          [
            75.98356,
            39.581909
          ],
          [
            75.983066,
            39.584551
          ],
          [
            75.982858,
            39.585469
          ],
          [
            75.982523,
            39.586423
          ],
          [
            75.98226,
            39.587049
          ],
          [
            75.981874,
            39.587855
          ],
          [
            75.981356,
            39.588746
          ],
          [
            75.980595,
            39.589833
          ],
          [
            75.979905,
            39.590647
          ],
          [
            75.979093,
            39.591445
          ],
          [
            75.977926,
            39.592547
          ],
          [
            75.976738,
            39.593595
          ],
          [
            75.975939,
            39.594177
          ],
          [
            75.975077,
            39.594789
          ],
          [
            75.9741,
            39.595342
          ],
          [
            75.970801,
            39.596904
          ],
          [
            75.970083,
            39.597369
          ],
          [
            75.96855,
            39.598488
          ],
          [
            75.965233,
            39.601311
          ],
          [
            75.964582,
            39.601827
          ],
          [
            75.963947,
            39.602226
          ],
          [
            75.95836,
            39.604782
          ],
          [
            75.958067,
            39.604903
          ],
          [
            75.948239,
            39.609185
          ],
          [
            75.946705,
            39.609938
          ],
          [
            75.945611,
            39.610738
          ],
          [
            75.944667,
            39.611775
          ],
          [
            75.943808,
            39.613198
          ],
          [
            75.943471,
            39.614169
          ],
          [
            75.943283,
            39.615062
          ],
          [
            75.943193,
            39.615697
          ],
          [
            75.943171,
            39.615992
          ],
          [
            75.943181,
            39.617002
          ],
          [
            75.943239,
            39.617588
          ],
          [
            75.943294,
            39.617947
          ],
          [
            75.943344,
            39.618243
          ],
          [
            75.943347,
            39.618258
          ],
          [
            75.943492,
            39.618981
          ],
          [
            75.943653,
            39.61957
          ],
          [
            75.943943,
            39.620358
          ],
          [
            75.944608,
            39.621606
          ],
          [
            75.944781,
            39.621855
          ],
          [
            75.945622,
            39.623064
          ],
          [
            75.946821,
            39.624497
          ],
          [
            75.952535,
            39.630476
          ],
          [
            75.95345,
            39.631431
          ],
          [
            75.95567,
            39.633747
          ],
          [
            75.960269,
            39.638563
          ],
          [
            75.962225,
            39.640611
          ],
          [
            75.962809,
            39.641275
          ],
          [
            75.968762,
            39.647517
          ],
          [
            75.97139,
            39.650254
          ],
          [
            75.974015,
            39.652961
          ],
          [
            75.975765,
            39.654498
          ],
          [
            75.977562,
            39.655707
          ],
          [
            75.979079,
            39.656432
          ],
          [
            75.979599,
            39.656647
          ],
          [
            75.981295,
            39.657324
          ],
          [
            75.983232,
            39.657875
          ],
          [
            75.985071,
            39.65835
          ],
          [
            75.988323,
            39.659096
          ],
          [
            76.043166,
            39.671888
          ],
          [
            76.044636,
            39.672163
          ],
          [
            76.045759,
            39.67239
          ],
          [
            76.046242,
            39.672477
          ],
          [
            76.046639,
            39.672526
          ],
          [
            76.047064,
            39.67255
          ],
          [
            76.047363,
            39.672541
          ],
          [
            76.047708,
            39.672508
          ],
          [
            76.047992,
            39.672457
          ],
          [
            76.048412,
            39.672342
          ],
          [
            76.048822,
            39.672198
          ],
          [
            76.049184,
            39.671988
          ],
          [
            76.049469,
            39.671789
          ],
          [
            76.049767,
            39.671541
          ],
          [
            76.050174,
            39.67117
          ],
          [
            76.051438,
            39.669902
          ],
          [
            76.051778,
            39.669549
          ],
          [
            76.052024,
            39.669376
          ],
          [
            76.052429,
            39.668991
          ],
          [
            76.053156,
            39.669522
          ],
          [
            76.052788,
            39.66962
          ],
          [
            76.052569,
            39.669751
          ],
          [
            76.052317,
            39.669982
          ],
          [
            76.050588,
            39.671979
          ],
          [
            76.050435,
            39.672192
          ],
          [
            76.050323,
            39.672399
          ],
          [
            76.050321,
            39.672619
          ],
          [
            76.050401,
            39.672871
          ],
          [
            76.0506,
            39.673099
          ],
          [
            76.050794,
            39.67324
          ],
          [
            76.050989,
            39.673305
          ],
          [
            76.051962,
            39.673575
          ],
          [
            76.054821,
            39.674197
          ],
          [
            76.056366,
            39.67461
          ],
          [
            76.058061,
            39.675171
          ],
          [
            76.059103,
            39.675572
          ],
          [
            76.059764,
            39.675826
          ],
          [
            76.061553,
            39.676514
          ],
          [
            76.067898,
            39.678953
          ],
          [
            76.071194,
            39.680192
          ],
          [
            76.072158,
            39.680554
          ],
          [
            76.072308,
            39.680611
          ],
          [
            76.077566,
            39.682586
          ],
          [
            76.080126,
            39.68355
          ],
          [
            76.080211,
            39.683582
          ],
          [
            76.096315,
            39.689668
          ],
          [
            76.096771,
            39.689869
          ],
          [
            76.097252,
            39.690111
          ],
          [
            76.097646,
            39.690353
          ],
          [
            76.098263,
            39.690748
          ],
          [
            76.104294,
            39.692969
          ],
          [
            76.107749,
            39.694241
          ],
          [
            76.11265,
            39.696126
          ],
          [
            76.114066,
            39.69677
          ],
          [
            76.115504,
            39.69753
          ],
          [
            76.11677,
            39.698306
          ],
          [
            76.129215,
            39.70663
          ],
          [
            76.130148,
            39.707256
          ],
          [
            76.135584,
            39.710913
          ],
          [
            76.136065,
            39.711237
          ],
          [
            76.13865,
            39.712895
          ],
          [
            76.139031,
            39.713108
          ],
          [
            76.139623,
            39.713388
          ],
          [
            76.13997,
            39.713559
          ],
          [
            76.14033,
            39.713724
          ],
          [
            76.140711,
            39.713888
          ],
          [
            76.141066,
            39.714039
          ],
          [
            76.141569,
            39.714258
          ],
          [
            76.14312,
            39.714793
          ],
          [
            76.143979,
            39.715092
          ],
          [
            76.14449,
            39.71525
          ],
          [
            76.146076,
            39.71437
          ],
          [
            76.149432,
            39.712471
          ],
          [
            76.15027,
            39.712024
          ],
          [
            76.150991,
            39.711731
          ],
          [
            76.159156,
            39.708759
          ],
          [
            76.162659,
            39.711945
          ],
          [
            76.163649,
            39.712876
          ],
          [
            76.164126,
            39.713295
          ],
          [
            76.165239,
            39.714271
          ]
        ]
      }
    },
    {
      "type": "Feature",
      "id": "route_spur_artux_hongshiliu",
      "properties": {
        "kind": "spur",
        "label": "Artux → Hongshiliu",
        "title": "Artux → Hongshiliu",
        "description": "",
        "stroke": "#1a1208",
        "stroke-width": 5,
        "stroke-opacity": 0.9
      },
      "geometry": {
        "type": "LineString",
        "coordinates": [
          [
            76.165239,
            39.714271
          ],
          [
            76.165711,
            39.714685
          ],
          [
            76.166688,
            39.715536
          ],
          [
            76.167595,
            39.716325
          ],
          [
            76.168898,
            39.717518
          ],
          [
            76.17105,
            39.719488
          ],
          [
            76.172364,
            39.720651
          ],
          [
            76.173649,
            39.721784
          ],
          [
            76.175362,
            39.723291
          ],
          [
            76.175817,
            39.723704
          ],
          [
            76.177186,
            39.724948
          ],
          [
            76.180856,
            39.728045
          ],
          [
            76.181227,
            39.728382
          ],
          [
            76.183724,
            39.730683
          ],
          [
            76.186681,
            39.733341
          ],
          [
            76.187939,
            39.73445
          ],
          [
            76.189121,
            39.735491
          ],
          [
            76.190485,
            39.736714
          ],
          [
            76.190789,
            39.737001
          ],
          [
            76.191007,
            39.737253
          ],
          [
            76.191099,
            39.737405
          ],
          [
            76.191144,
            39.73752
          ],
          [
            76.191184,
            39.737664
          ],
          [
            76.191211,
            39.737869
          ],
          [
            76.191212,
            39.738022
          ],
          [
            76.191185,
            39.738188
          ],
          [
            76.191151,
            39.738307
          ],
          [
            76.191112,
            39.738432
          ],
          [
            76.192015,
            39.738623
          ],
          [
            76.193216,
            39.738821
          ],
          [
            76.196547,
            39.739435
          ],
          [
            76.198212,
            39.739851
          ],
          [
            76.201882,
            39.741013
          ],
          [
            76.206583,
            39.742503
          ],
          [
            76.207206,
            39.742768
          ],
          [
            76.211712,
            39.744241
          ],
          [
            76.248924,
            39.756119
          ],
          [
            76.2689,
            39.762528
          ],
          [
            76.274963,
            39.76446
          ],
          [
            76.291221,
            39.769638
          ],
          [
            76.304489,
            39.773873
          ],
          [
            76.309693,
            39.775264
          ],
          [
            76.316478,
            39.776675
          ],
          [
            76.340057,
            39.781687
          ],
          [
            76.343796,
            39.782451
          ],
          [
            76.347555,
            39.783306
          ],
          [
            76.350065,
            39.783947
          ],
          [
            76.352007,
            39.784523
          ],
          [
            76.356992,
            39.786112
          ],
          [
            76.358882,
            39.786692
          ],
          [
            76.361981,
            39.787463
          ],
          [
            76.376705,
            39.790495
          ],
          [
            76.379773,
            39.791146
          ],
          [
            76.382784,
            39.791889
          ],
          [
            76.385304,
            39.792644
          ],
          [
            76.390002,
            39.794296
          ],
          [
            76.392056,
            39.795018
          ],
          [
            76.394032,
            39.795585
          ],
          [
            76.395438,
            39.795961
          ],
          [
            76.397069,
            39.796355
          ],
          [
            76.398044,
            39.796564
          ],
          [
            76.401838,
            39.797324
          ],
          [
            76.402708,
            39.797499
          ],
          [
            76.403253,
            39.797609
          ],
          [
            76.404965,
            39.797905
          ],
          [
            76.404973,
            39.79773
          ],
          [
            76.403852,
            39.797351
          ],
          [
            76.403731,
            39.797005
          ],
          [
            76.403802,
            39.796785
          ],
          [
            76.4057,
            39.796202
          ],
          [
            76.406641,
            39.795953
          ],
          [
            76.408192,
            39.796197
          ],
          [
            76.40965,
            39.797002
          ],
          [
            76.410129,
            39.797191
          ],
          [
            76.410539,
            39.796809
          ],
          [
            76.410712,
            39.796652
          ],
          [
            76.412843,
            39.796991
          ],
          [
            76.416951,
            39.797835
          ],
          [
            76.418797,
            39.800077
          ],
          [
            76.421221,
            39.80091
          ],
          [
            76.423566,
            39.801715
          ],
          [
            76.424439,
            39.800331
          ],
          [
            76.426225,
            39.800957
          ],
          [
            76.427453,
            39.801375
          ],
          [
            76.428351,
            39.799817
          ],
          [
            76.428868,
            39.798915
          ]
        ]
      }
    },
    {
      "type": "Feature",
      "id": "route_spur_hongshiliu_qarajol",
      "properties": {
        "kind": "spur",
        "label": "Hongshiliu → Qarajol",
        "title": "Hongshiliu → Qarajol",
        "description": "",
        "stroke": "#1a1208",
        "stroke-width": 5,
        "stroke-opacity": 0.9
      },
      "geometry": {
        "type": "LineString",
        "coordinates": [
          [
            76.428868,
            39.798915
          ],
          [
            76.428351,
            39.799817
          ],
          [
            76.427453,
            39.801375
          ],
          [
            76.426225,
            39.800957
          ],
          [
            76.424439,
            39.800331
          ],
          [
            76.423566,
            39.801715
          ],
          [
            76.421221,
            39.80091
          ],
          [
            76.418797,
            39.800077
          ],
          [
            76.416951,
            39.797835
          ],
          [
            76.412843,
            39.796991
          ],
          [
            76.410712,
            39.796652
          ],
          [
            76.410539,
            39.796809
          ],
          [
            76.410129,
            39.797191
          ],
          [
            76.40965,
            39.797002
          ],
          [
            76.408192,
            39.796197
          ],
          [
            76.406641,
            39.795953
          ],
          [
            76.4057,
            39.796202
          ],
          [
            76.403802,
            39.796785
          ],
          [
            76.403731,
            39.797005
          ],
          [
            76.403852,
            39.797351
          ],
          [
            76.404973,
            39.79773
          ],
          [
            76.404965,
            39.797905
          ],
          [
            76.406023,
            39.798105
          ],
          [
            76.411054,
            39.799361
          ],
          [
            76.417243,
            39.801585
          ],
          [
            76.418496,
            39.802133
          ],
          [
            76.419905,
            39.802827
          ],
          [
            76.421373,
            39.803437
          ],
          [
            76.428685,
            39.805921
          ],
          [
            76.435137,
            39.808103
          ],
          [
            76.438159,
            39.809067
          ],
          [
            76.442472,
            39.810238
          ],
          [
            76.456749,
            39.81494
          ],
          [
            76.468474,
            39.818808
          ],
          [
            76.470783,
            39.819385
          ],
          [
            76.473758,
            39.820067
          ],
          [
            76.474999,
            39.820331
          ],
          [
            76.476257,
            39.820538
          ],
          [
            76.477526,
            39.820651
          ],
          [
            76.478383,
            39.820668
          ],
          [
            76.479836,
            39.820582
          ],
          [
            76.481386,
            39.820371
          ],
          [
            76.491071,
            39.818789
          ],
          [
            76.512164,
            39.815345
          ],
          [
            76.538385,
            39.811099
          ],
          [
            76.538809,
            39.811031
          ],
          [
            76.539294,
            39.810993
          ],
          [
            76.539703,
            39.810984
          ],
          [
            76.540254,
            39.811004
          ],
          [
            76.540568,
            39.811038
          ],
          [
            76.54094,
            39.811093
          ],
          [
            76.542433,
            39.811388
          ],
          [
            76.546221,
            39.812183
          ],
          [
            76.546669,
            39.812277
          ],
          [
            76.557341,
            39.814514
          ],
          [
            76.56516,
            39.816147
          ],
          [
            76.581617,
            39.81959
          ],
          [
            76.588521,
            39.820929
          ],
          [
            76.594738,
            39.822331
          ],
          [
            76.595864,
            39.822594
          ],
          [
            76.596718,
            39.822849
          ],
          [
            76.597521,
            39.823137
          ],
          [
            76.598122,
            39.823408
          ],
          [
            76.599386,
            39.824009
          ],
          [
            76.616404,
            39.832307
          ],
          [
            76.617296,
            39.83275
          ],
          [
            76.617854,
            39.833027
          ],
          [
            76.617808,
            39.833447
          ],
          [
            76.617794,
            39.833569
          ],
          [
            76.617664,
            39.834741
          ],
          [
            76.616248,
            39.847888
          ],
          [
            76.614027,
            39.86735
          ],
          [
            76.613796,
            39.868602
          ],
          [
            76.613657,
            39.870594
          ],
          [
            76.613764,
            39.87316
          ],
          [
            76.61372,
            39.873805
          ],
          [
            76.613588,
            39.874376
          ],
          [
            76.613466,
            39.87474
          ],
          [
            76.613292,
            39.87512
          ],
          [
            76.612747,
            39.876077
          ],
          [
            76.612449,
            39.876591
          ],
          [
            76.612186,
            39.877226
          ],
          [
            76.611847,
            39.878497
          ],
          [
            76.611775,
            39.87995
          ],
          [
            76.611887,
            39.88098
          ],
          [
            76.612088,
            39.88177
          ],
          [
            76.612575,
            39.883168
          ],
          [
            76.612707,
            39.884025
          ],
          [
            76.612685,
            39.88446
          ],
          [
            76.612617,
            39.884933
          ],
          [
            76.612525,
            39.885306
          ],
          [
            76.612388,
            39.885707
          ],
          [
            76.612102,
            39.886271
          ],
          [
            76.611194,
            39.887461
          ],
          [
            76.610831,
            39.888092
          ],
          [
            76.610626,
            39.888779
          ],
          [
            76.610599,
            39.889393
          ],
          [
            76.610655,
            39.889879
          ],
          [
            76.610825,
            39.890554
          ],
          [
            76.611178,
            39.891946
          ],
          [
            76.611563,
            39.893424
          ],
          [
            76.611623,
            39.893981
          ],
          [
            76.611629,
            39.894363
          ],
          [
            76.611615,
            39.894719
          ],
          [
            76.611575,
            39.895104
          ],
          [
            76.611454,
            39.895578
          ],
          [
            76.60837,
            39.903949
          ],
          [
            76.607898,
            39.905012
          ],
          [
            76.60759,
            39.905553
          ],
          [
            76.60731,
            39.905964
          ],
          [
            76.60694,
            39.906417
          ],
          [
            76.606568,
            39.906757
          ],
          [
            76.604603,
            39.908471
          ],
          [
            76.603153,
            39.909732
          ],
          [
            76.60208,
            39.910907
          ],
          [
            76.601062,
            39.912103
          ],
          [
            76.600462,
            39.912845
          ],
          [
            76.599995,
            39.913542
          ],
          [
            76.599053,
            39.915096
          ],
          [
            76.598334,
            39.916516
          ],
          [
            76.59769,
            39.918137
          ],
          [
            76.597182,
            39.919792
          ],
          [
            76.596809,
            39.921404
          ],
          [
            76.59669,
            39.921947
          ],
          [
            76.595998,
            39.925547
          ],
          [
            76.595635,
            39.927145
          ],
          [
            76.595353,
            39.928117
          ],
          [
            76.595144,
            39.928636
          ],
          [
            76.59309,
            39.932409
          ],
          [
            76.592809,
            39.933019
          ],
          [
            76.592634,
            39.933447
          ],
          [
            76.592558,
            39.933635
          ],
          [
            76.591643,
            39.935978
          ],
          [
            76.591346,
            39.936599
          ],
          [
            76.59038,
            39.938233
          ],
          [
            76.590059,
            39.938961
          ],
          [
            76.589878,
            39.939396
          ],
          [
            76.589721,
            39.939877
          ],
          [
            76.589646,
            39.940204
          ],
          [
            76.589496,
            39.941045
          ],
          [
            76.589387,
            39.943617
          ],
          [
            76.589272,
            39.944241
          ],
          [
            76.58906,
            39.944931
          ],
          [
            76.588237,
            39.947574
          ],
          [
            76.587918,
            39.948624
          ],
          [
            76.58765,
            39.949536
          ],
          [
            76.58757,
            39.949942
          ],
          [
            76.587545,
            39.950325
          ],
          [
            76.587599,
            39.950831
          ],
          [
            76.587801,
            39.951439
          ],
          [
            76.587943,
            39.951747
          ],
          [
            76.588104,
            39.952033
          ],
          [
            76.588288,
            39.952297
          ],
          [
            76.588521,
            39.952588
          ],
          [
            76.588892,
            39.952913
          ],
          [
            76.589255,
            39.95318
          ],
          [
            76.589561,
            39.953369
          ],
          [
            76.590027,
            39.953613
          ],
          [
            76.590689,
            39.953855
          ],
          [
            76.591514,
            39.95406
          ],
          [
            76.592068,
            39.954114
          ],
          [
            76.592623,
            39.954139
          ],
          [
            76.593998,
            39.954047
          ],
          [
            76.594923,
            39.953996
          ],
          [
            76.595755,
            39.954006
          ],
          [
            76.596427,
            39.954055
          ],
          [
            76.5972,
            39.954177
          ],
          [
            76.597827,
            39.954295
          ],
          [
            76.598563,
            39.954488
          ],
          [
            76.600653,
            39.955029
          ],
          [
            76.604845,
            39.956129
          ],
          [
            76.606267,
            39.956444
          ],
          [
            76.606935,
            39.956543
          ],
          [
            76.610277,
            39.956974
          ],
          [
            76.612879,
            39.957251
          ],
          [
            76.614858,
            39.95749
          ],
          [
            76.615958,
            39.957693
          ],
          [
            76.616485,
            39.957843
          ],
          [
            76.617038,
            39.958021
          ],
          [
            76.617651,
            39.958269
          ],
          [
            76.618451,
            39.958658
          ],
          [
            76.619243,
            39.959124
          ],
          [
            76.619983,
            39.959725
          ],
          [
            76.620413,
            39.960157
          ],
          [
            76.620893,
            39.960706
          ],
          [
            76.621275,
            39.961222
          ],
          [
            76.621614,
            39.961824
          ],
          [
            76.621878,
            39.962469
          ],
          [
            76.622079,
            39.963029
          ],
          [
            76.622389,
            39.963917
          ],
          [
            76.622702,
            39.964769
          ],
          [
            76.625649,
            39.972902
          ],
          [
            76.626019,
            39.974076
          ],
          [
            76.626106,
            39.974693
          ],
          [
            76.626147,
            39.975209
          ],
          [
            76.626152,
            39.975738
          ],
          [
            76.626102,
            39.976214
          ],
          [
            76.62603,
            39.976767
          ],
          [
            76.625807,
            39.977543
          ],
          [
            76.625777,
            39.977646
          ],
          [
            76.625481,
            39.978289
          ],
          [
            76.625009,
            39.979091
          ],
          [
            76.624502,
            39.979815
          ],
          [
            76.622582,
            39.982158
          ],
          [
            76.622227,
            39.982707
          ],
          [
            76.621824,
            39.983515
          ],
          [
            76.621602,
            39.984172
          ],
          [
            76.621501,
            39.984814
          ],
          [
            76.621444,
            39.985422
          ],
          [
            76.621426,
            39.986135
          ],
          [
            76.621481,
            39.98675
          ],
          [
            76.621621,
            39.987281
          ],
          [
            76.621782,
            39.987737
          ],
          [
            76.62194,
            39.988191
          ],
          [
            76.622359,
            39.989017
          ],
          [
            76.622681,
            39.989574
          ],
          [
            76.6232,
            39.990201
          ],
          [
            76.623413,
            39.990491
          ],
          [
            76.62348,
            39.990626
          ],
          [
            76.623493,
            39.990771
          ],
          [
            76.623599,
            39.99115
          ],
          [
            76.623787,
            39.991523
          ],
          [
            76.623988,
            39.991826
          ],
          [
            76.624344,
            39.992175
          ],
          [
            76.624641,
            39.992526
          ],
          [
            76.626069,
            39.995209
          ],
          [
            76.626357,
            39.995618
          ],
          [
            76.626871,
            39.996309
          ],
          [
            76.627472,
            39.996912
          ],
          [
            76.628035,
            39.997379
          ],
          [
            76.62862,
            39.997736
          ],
          [
            76.629278,
            39.998058
          ],
          [
            76.630037,
            39.99837
          ],
          [
            76.630633,
            39.998566
          ],
          [
            76.63124,
            39.998727
          ],
          [
            76.631933,
            39.998873
          ],
          [
            76.633151,
            39.999045
          ],
          [
            76.633891,
            39.999179
          ],
          [
            76.634692,
            39.999367
          ],
          [
            76.635407,
            39.999594
          ],
          [
            76.636128,
            39.999876
          ],
          [
            76.636742,
            40.000152
          ],
          [
            76.637255,
            40.000436
          ],
          [
            76.63755,
            40.0006
          ],
          [
            76.638258,
            40.001059
          ],
          [
            76.638727,
            40.001418
          ],
          [
            76.63908,
            40.001717
          ],
          [
            76.639369,
            40.001993
          ],
          [
            76.639694,
            40.002347
          ],
          [
            76.640192,
            40.002973
          ],
          [
            76.640548,
            40.003482
          ],
          [
            76.640899,
            40.004089
          ],
          [
            76.643483,
            40.00871
          ],
          [
            76.643915,
            40.009477
          ],
          [
            76.644144,
            40.009983
          ],
          [
            76.644304,
            40.010509
          ],
          [
            76.64441,
            40.011085
          ],
          [
            76.644422,
            40.011535
          ],
          [
            76.644414,
            40.011903
          ],
          [
            76.644363,
            40.012214
          ],
          [
            76.643884,
            40.014269
          ],
          [
            76.643357,
            40.016382
          ],
          [
            76.643316,
            40.016804
          ],
          [
            76.643299,
            40.017151
          ],
          [
            76.64335,
            40.017811
          ],
          [
            76.643445,
            40.018382
          ],
          [
            76.643579,
            40.018833
          ],
          [
            76.643767,
            40.019306
          ],
          [
            76.644882,
            40.021445
          ],
          [
            76.645722,
            40.022934
          ],
          [
            76.646195,
            40.023821
          ],
          [
            76.646455,
            40.024521
          ],
          [
            76.646573,
            40.025007
          ],
          [
            76.646635,
            40.025495
          ],
          [
            76.646666,
            40.025936
          ],
          [
            76.646651,
            40.02634
          ],
          [
            76.646287,
            40.0299
          ],
          [
            76.645959,
            40.032868
          ],
          [
            76.645933,
            40.03324
          ],
          [
            76.6458,
            40.034657
          ],
          [
            76.645753,
            40.03553
          ],
          [
            76.645787,
            40.037357
          ],
          [
            76.646044,
            40.041363
          ],
          [
            76.646051,
            40.041942
          ],
          [
            76.646024,
            40.04244
          ],
          [
            76.64598,
            40.042817
          ],
          [
            76.645922,
            40.043114
          ],
          [
            76.645808,
            40.043457
          ],
          [
            76.64567,
            40.043812
          ],
          [
            76.643587,
            40.048927
          ],
          [
            76.643296,
            40.049586
          ],
          [
            76.642993,
            40.050199
          ],
          [
            76.642765,
            40.050588
          ],
          [
            76.642458,
            40.050993
          ],
          [
            76.641854,
            40.051723
          ],
          [
            76.641254,
            40.052402
          ],
          [
            76.640993,
            40.052752
          ],
          [
            76.640781,
            40.053084
          ],
          [
            76.640535,
            40.053543
          ],
          [
            76.64035,
            40.053988
          ],
          [
            76.640214,
            40.054524
          ],
          [
            76.640114,
            40.055098
          ],
          [
            76.640132,
            40.055786
          ],
          [
            76.640238,
            40.056482
          ],
          [
            76.640458,
            40.057116
          ],
          [
            76.640777,
            40.057752
          ],
          [
            76.6412,
            40.058349
          ],
          [
            76.641737,
            40.05892
          ],
          [
            76.64221,
            40.059329
          ],
          [
            76.642809,
            40.059748
          ],
          [
            76.643409,
            40.060092
          ],
          [
            76.64404,
            40.060372
          ],
          [
            76.644862,
            40.060644
          ],
          [
            76.64572,
            40.060876
          ],
          [
            76.646771,
            40.061098
          ],
          [
            76.647844,
            40.061356
          ],
          [
            76.64889,
            40.061683
          ],
          [
            76.650303,
            40.062182
          ],
          [
            76.651684,
            40.06271
          ],
          [
            76.65297,
            40.06319
          ],
          [
            76.654661,
            40.063843
          ],
          [
            76.65648,
            40.064501
          ],
          [
            76.656823,
            40.064632
          ],
          [
            76.657854,
            40.065042
          ],
          [
            76.658843,
            40.065406
          ],
          [
            76.659507,
            40.06564
          ],
          [
            76.660013,
            40.06578
          ],
          [
            76.660532,
            40.065886
          ],
          [
            76.661051,
            40.065971
          ],
          [
            76.661944,
            40.066026
          ],
          [
            76.662589,
            40.066001
          ],
          [
            76.663235,
            40.065975
          ],
          [
            76.67274,
            40.065281
          ],
          [
            76.674081,
            40.065224
          ],
          [
            76.675415,
            40.06525
          ],
          [
            76.67679,
            40.06533
          ],
          [
            76.69115,
            40.066947
          ],
          [
            76.693039,
            40.067239
          ],
          [
            76.693911,
            40.067413
          ],
          [
            76.694849,
            40.06764
          ],
          [
            76.701434,
            40.069239
          ],
          [
            76.702161,
            40.069421
          ],
          [
            76.70277,
            40.069612
          ],
          [
            76.703252,
            40.069795
          ],
          [
            76.703731,
            40.070006
          ],
          [
            76.705581,
            40.071102
          ],
          [
            76.729143,
            40.085541
          ],
          [
            76.730683,
            40.086544
          ],
          [
            76.732597,
            40.087845
          ],
          [
            76.734132,
            40.088875
          ],
          [
            76.735163,
            40.089587
          ],
          [
            76.736854,
            40.090748
          ],
          [
            76.738707,
            40.092
          ],
          [
            76.739266,
            40.092444
          ],
          [
            76.739563,
            40.092696
          ],
          [
            76.739907,
            40.09299
          ],
          [
            76.740046,
            40.093115
          ],
          [
            76.740243,
            40.093308
          ],
          [
            76.740775,
            40.093895
          ],
          [
            76.741562,
            40.094926
          ],
          [
            76.741973,
            40.095683
          ],
          [
            76.742284,
            40.09639
          ],
          [
            76.742515,
            40.09708
          ],
          [
            76.742659,
            40.097659
          ],
          [
            76.742796,
            40.098399
          ],
          [
            76.742825,
            40.098984
          ],
          [
            76.742839,
            40.099398
          ],
          [
            76.742796,
            40.099989
          ],
          [
            76.742717,
            40.10063
          ],
          [
            76.742637,
            40.101038
          ],
          [
            76.7425,
            40.101601
          ],
          [
            76.738235,
            40.117173
          ],
          [
            76.737953,
            40.118112
          ],
          [
            76.73778,
            40.11863
          ],
          [
            76.737455,
            40.119442
          ],
          [
            76.737094,
            40.120176
          ],
          [
            76.73669,
            40.120871
          ],
          [
            76.736336,
            40.121407
          ],
          [
            76.735016,
            40.123123
          ],
          [
            76.734561,
            40.123752
          ],
          [
            76.734222,
            40.124238
          ],
          [
            76.733911,
            40.124894
          ],
          [
            76.733601,
            40.125557
          ],
          [
            76.733413,
            40.126224
          ],
          [
            76.73332,
            40.126804
          ],
          [
            76.733262,
            40.127334
          ],
          [
            76.733262,
            40.128013
          ],
          [
            76.733493,
            40.131859
          ],
          [
            76.733933,
            40.138331
          ],
          [
            76.734027,
            40.139126
          ],
          [
            76.734121,
            40.139623
          ],
          [
            76.734265,
            40.14013
          ],
          [
            76.734474,
            40.14072
          ],
          [
            76.734662,
            40.141217
          ],
          [
            76.734987,
            40.141841
          ],
          [
            76.735413,
            40.142569
          ],
          [
            76.735665,
            40.142922
          ],
          [
            76.736163,
            40.143556
          ],
          [
            76.736842,
            40.144323
          ],
          [
            76.740847,
            40.148036
          ],
          [
            76.741396,
            40.148649
          ],
          [
            76.741757,
            40.149162
          ],
          [
            76.74219,
            40.14984
          ],
          [
            76.742572,
            40.150613
          ],
          [
            76.742767,
            40.15112
          ],
          [
            76.742868,
            40.151567
          ],
          [
            76.742984,
            40.152212
          ],
          [
            76.743005,
            40.152885
          ],
          [
            76.742969,
            40.153873
          ],
          [
            76.742803,
            40.156907
          ],
          [
            76.742789,
            40.157955
          ],
          [
            76.742847,
            40.158716
          ],
          [
            76.743013,
            40.159637
          ],
          [
            76.743179,
            40.160349
          ],
          [
            76.743388,
            40.160961
          ],
          [
            76.743648,
            40.161568
          ],
          [
            76.743944,
            40.162186
          ],
          [
            76.744305,
            40.162792
          ],
          [
            76.744738,
            40.163476
          ],
          [
            76.74538,
            40.164298
          ],
          [
            76.745921,
            40.164905
          ],
          [
            76.746506,
            40.16549
          ],
          [
            76.747264,
            40.16608
          ],
          [
            76.747957,
            40.166609
          ],
          [
            76.748765,
            40.167128
          ],
          [
            76.749436,
            40.167514
          ],
          [
            76.750208,
            40.167927
          ],
          [
            76.750973,
            40.168264
          ],
          [
            76.751739,
            40.168551
          ],
          [
            76.755599,
            40.16997
          ],
          [
            76.755987,
            40.170113
          ],
          [
            76.756291,
            40.170223
          ],
          [
            76.756365,
            40.17025
          ],
          [
            76.757217,
            40.170558
          ],
          [
            76.758689,
            40.171076
          ],
          [
            76.759671,
            40.17138
          ],
          [
            76.760775,
            40.171711
          ],
          [
            76.761691,
            40.171975
          ],
          [
            76.764203,
            40.172538
          ],
          [
            76.765156,
            40.17277
          ],
          [
            76.766152,
            40.17304
          ],
          [
            76.767105,
            40.173321
          ],
          [
            76.767898,
            40.173597
          ],
          [
            76.76883,
            40.173933
          ],
          [
            76.769696,
            40.174264
          ],
          [
            76.771478,
            40.175003
          ],
          [
            76.77272,
            40.175483
          ],
          [
            76.773817,
            40.175836
          ],
          [
            76.775,
            40.176172
          ],
          [
            76.776047,
            40.176453
          ],
          [
            76.777029,
            40.176668
          ],
          [
            76.77809,
            40.176884
          ],
          [
            76.779194,
            40.177066
          ],
          [
            76.79723,
            40.179817
          ],
          [
            76.797891,
            40.179941
          ],
          [
            76.798551,
            40.180087
          ],
          [
            76.799215,
            40.180258
          ],
          [
            76.800023,
            40.180484
          ],
          [
            76.800817,
            40.180738
          ],
          [
            76.801618,
            40.18103
          ],
          [
            76.802809,
            40.181532
          ],
          [
            76.803611,
            40.181929
          ],
          [
            76.804048,
            40.182173
          ],
          [
            76.804354,
            40.182343
          ],
          [
            76.804612,
            40.182128
          ],
          [
            76.805707,
            40.181214
          ],
          [
            76.805852,
            40.181052
          ],
          [
            76.805968,
            40.180871
          ],
          [
            76.80618,
            40.180015
          ],
          [
            76.807069,
            40.176431
          ],
          [
            76.807168,
            40.176221
          ],
          [
            76.807299,
            40.176078
          ],
          [
            76.807768,
            40.175692
          ],
          [
            76.808074,
            40.175442
          ],
          [
            76.808253,
            40.175247
          ],
          [
            76.809213,
            40.173832
          ],
          [
            76.809335,
            40.17359
          ],
          [
            76.809369,
            40.173417
          ],
          [
            76.809369,
            40.17327
          ],
          [
            76.809299,
            40.170572
          ],
          [
            76.809206,
            40.170084
          ],
          [
            76.808423,
            40.169265
          ],
          [
            76.808414,
            40.164162
          ],
          [
            76.812813,
            40.164416
          ],
          [
            76.817454,
            40.164647
          ],
          [
            76.8239,
            40.16501
          ],
          [
            76.824391,
            40.165051
          ],
          [
            76.824898,
            40.165116
          ],
          [
            76.825397,
            40.165221
          ],
          [
            76.825867,
            40.165352
          ],
          [
            76.826231,
            40.165477
          ],
          [
            76.826516,
            40.165595
          ],
          [
            76.826763,
            40.165709
          ],
          [
            76.827104,
            40.165887
          ],
          [
            76.827478,
            40.166119
          ],
          [
            76.829289,
            40.167316
          ],
          [
            76.826101,
            40.172558
          ],
          [
            76.830144,
            40.173968
          ]
        ]
      }
    },
    {
      "type": "Feature",
      "id": "route_spur_qarajol_qarabulaq",
      "properties": {
        "kind": "spur",
        "label": "Qarajol → Qarabulaq",
        "title": "Qarajol → Qarabulaq",
        "description": "",
        "stroke": "#1a1208",
        "stroke-width": 5,
        "stroke-opacity": 0.9
      },
      "geometry": {
        "type": "LineString",
        "coordinates": [
          [
            76.830144,
            40.173968
          ],
          [
            76.831972,
            40.174606
          ],
          [
            76.835338,
            40.175821
          ],
          [
            76.836729,
            40.174718
          ],
          [
            76.838418,
            40.173378
          ],
          [
            76.841546,
            40.175474
          ],
          [
            76.843676,
            40.176884
          ],
          [
            76.846349,
            40.178622
          ],
          [
            76.865347,
            40.191138
          ],
          [
            76.869872,
            40.193991
          ],
          [
            76.871576,
            40.194926
          ],
          [
            76.874124,
            40.196155
          ],
          [
            76.876893,
            40.197423
          ],
          [
            76.879704,
            40.198497
          ],
          [
            76.882811,
            40.199444
          ],
          [
            76.89178,
            40.201893
          ],
          [
            76.892121,
            40.202052
          ],
          [
            76.89238,
            40.202264
          ],
          [
            76.892587,
            40.20243
          ],
          [
            76.892741,
            40.202639
          ],
          [
            76.892947,
            40.203036
          ],
          [
            76.893392,
            40.204826
          ],
          [
            76.895097,
            40.2046
          ],
          [
            76.896873,
            40.204427
          ],
          [
            76.897505,
            40.204394
          ],
          [
            76.89816,
            40.204386
          ],
          [
            76.899445,
            40.20442
          ],
          [
            76.900072,
            40.204469
          ],
          [
            76.900696,
            40.204528
          ],
          [
            76.901485,
            40.204622
          ],
          [
            76.902205,
            40.204736
          ],
          [
            76.902733,
            40.204838
          ],
          [
            76.903492,
            40.205007
          ],
          [
            76.904458,
            40.205241
          ],
          [
            76.90629,
            40.205727
          ],
          [
            76.906983,
            40.205912
          ],
          [
            76.911128,
            40.207003
          ],
          [
            76.913937,
            40.207738
          ],
          [
            76.916001,
            40.208287
          ],
          [
            76.916757,
            40.208489
          ],
          [
            76.922657,
            40.210043
          ],
          [
            76.927128,
            40.211222
          ],
          [
            76.933646,
            40.212937
          ],
          [
            76.937878,
            40.214067
          ],
          [
            76.945789,
            40.216129
          ],
          [
            76.946805,
            40.216386
          ],
          [
            76.948195,
            40.216656
          ],
          [
            76.950061,
            40.216912
          ],
          [
            76.957398,
            40.217896
          ],
          [
            76.960206,
            40.218274
          ],
          [
            76.967097,
            40.219188
          ],
          [
            76.973537,
            40.220049
          ],
          [
            76.982182,
            40.221202
          ],
          [
            77.024739,
            40.226877
          ],
          [
            77.032959,
            40.22797
          ],
          [
            77.036895,
            40.228493
          ],
          [
            77.041715,
            40.229123
          ],
          [
            77.056952,
            40.23109
          ],
          [
            77.075107,
            40.233422
          ],
          [
            77.103567,
            40.237071
          ],
          [
            77.121311,
            40.23932
          ],
          [
            77.122714,
            40.239466
          ],
          [
            77.123776,
            40.239557
          ],
          [
            77.124836,
            40.239625
          ],
          [
            77.129976,
            40.239933
          ],
          [
            77.132197,
            40.240076
          ],
          [
            77.132918,
            40.240155
          ],
          [
            77.133615,
            40.240266
          ],
          [
            77.134187,
            40.240376
          ],
          [
            77.134708,
            40.240507
          ],
          [
            77.135162,
            40.240637
          ],
          [
            77.135717,
            40.24082
          ],
          [
            77.136018,
            40.240921
          ],
          [
            77.140539,
            40.242682
          ],
          [
            77.152379,
            40.247256
          ],
          [
            77.157327,
            40.249171
          ],
          [
            77.162499,
            40.251181
          ],
          [
            77.16442,
            40.251935
          ],
          [
            77.168272,
            40.253422
          ],
          [
            77.176668,
            40.25667
          ],
          [
            77.197901,
            40.26488
          ],
          [
            77.198514,
            40.265119
          ],
          [
            77.199834,
            40.26564
          ],
          [
            77.200878,
            40.266015
          ],
          [
            77.202523,
            40.266583
          ],
          [
            77.203698,
            40.266958
          ],
          [
            77.206288,
            40.267755
          ],
          [
            77.207888,
            40.268241
          ],
          [
            77.211063,
            40.269226
          ],
          [
            77.212528,
            40.269685
          ],
          [
            77.215769,
            40.270681
          ],
          [
            77.217524,
            40.27122
          ],
          [
            77.220568,
            40.272164
          ],
          [
            77.222767,
            40.272838
          ],
          [
            77.224925,
            40.273494
          ],
          [
            77.226246,
            40.273872
          ],
          [
            77.227997,
            40.274322
          ],
          [
            77.229354,
            40.274625
          ],
          [
            77.239192,
            40.276477
          ],
          [
            77.239935,
            40.276617
          ],
          [
            77.242348,
            40.277066
          ],
          [
            77.245929,
            40.277748
          ],
          [
            77.24764,
            40.278064
          ],
          [
            77.248446,
            40.278223
          ],
          [
            77.249043,
            40.278377
          ],
          [
            77.249766,
            40.278605
          ],
          [
            77.250034,
            40.278721
          ],
          [
            77.25042,
            40.278889
          ],
          [
            77.251449,
            40.279462
          ],
          [
            77.252295,
            40.280156
          ],
          [
            77.252965,
            40.280977
          ],
          [
            77.259404,
            40.295065
          ],
          [
            77.27964,
            40.339884
          ],
          [
            77.284646,
            40.351099
          ],
          [
            77.285192,
            40.352526
          ],
          [
            77.285441,
            40.353575
          ],
          [
            77.285622,
            40.354544
          ],
          [
            77.28581,
            40.357507
          ],
          [
            77.286088,
            40.36599
          ],
          [
            77.286208,
            40.369535
          ],
          [
            77.286359,
            40.374535
          ],
          [
            77.286809,
            40.388919
          ],
          [
            77.287486,
            40.407988
          ],
          [
            77.287698,
            40.414522
          ],
          [
            77.287916,
            40.420964
          ],
          [
            77.287972,
            40.422989
          ],
          [
            77.288047,
            40.423859
          ],
          [
            77.288142,
            40.424489
          ],
          [
            77.288235,
            40.424944
          ],
          [
            77.28846,
            40.425742
          ],
          [
            77.288684,
            40.426362
          ],
          [
            77.288883,
            40.426855
          ],
          [
            77.289233,
            40.42757
          ],
          [
            77.289471,
            40.428011
          ],
          [
            77.289825,
            40.428597
          ],
          [
            77.290368,
            40.429365
          ],
          [
            77.290826,
            40.429935
          ],
          [
            77.291567,
            40.430767
          ],
          [
            77.293429,
            40.432726
          ],
          [
            77.296571,
            40.436019
          ],
          [
            77.301127,
            40.44086
          ],
          [
            77.302664,
            40.442468
          ],
          [
            77.304004,
            40.443886
          ],
          [
            77.306749,
            40.446816
          ],
          [
            77.3085,
            40.448656
          ],
          [
            77.309489,
            40.449717
          ],
          [
            77.310125,
            40.45051
          ],
          [
            77.310512,
            40.451034
          ],
          [
            77.310856,
            40.451523
          ],
          [
            77.311679,
            40.452827
          ],
          [
            77.315657,
            40.459324
          ],
          [
            77.315978,
            40.459879
          ],
          [
            77.31621,
            40.460407
          ],
          [
            77.31643,
            40.460939
          ],
          [
            77.31655,
            40.46139
          ],
          [
            77.316635,
            40.461731
          ],
          [
            77.316695,
            40.462071
          ],
          [
            77.317017,
            40.464822
          ],
          [
            77.317354,
            40.467598
          ],
          [
            77.317506,
            40.468949
          ],
          [
            77.317556,
            40.469344
          ],
          [
            77.317592,
            40.469548
          ],
          [
            77.31765,
            40.469759
          ],
          [
            77.317799,
            40.470122
          ],
          [
            77.318005,
            40.470494
          ],
          [
            77.318301,
            40.470883
          ],
          [
            77.318742,
            40.471267
          ],
          [
            77.319091,
            40.471514
          ],
          [
            77.320538,
            40.472377
          ],
          [
            77.321924,
            40.473215
          ],
          [
            77.322151,
            40.473393
          ],
          [
            77.322342,
            40.473575
          ],
          [
            77.322504,
            40.473801
          ],
          [
            77.322618,
            40.474028
          ],
          [
            77.322736,
            40.474308
          ],
          [
            77.322802,
            40.474543
          ],
          [
            77.322951,
            40.475135
          ],
          [
            77.323018,
            40.475293
          ],
          [
            77.323097,
            40.475455
          ],
          [
            77.323205,
            40.475619
          ],
          [
            77.323313,
            40.47575
          ],
          [
            77.323445,
            40.475882
          ],
          [
            77.323605,
            40.476015
          ],
          [
            77.32407,
            40.476296
          ],
          [
            77.3245,
            40.476543
          ],
          [
            77.324778,
            40.476699
          ],
          [
            77.324967,
            40.476829
          ],
          [
            77.32516,
            40.476985
          ],
          [
            77.325312,
            40.477146
          ],
          [
            77.325417,
            40.477288
          ],
          [
            77.325511,
            40.47745
          ],
          [
            77.32558,
            40.477612
          ],
          [
            77.325643,
            40.477787
          ],
          [
            77.325679,
            40.477987
          ],
          [
            77.32569,
            40.478143
          ],
          [
            77.325685,
            40.478354
          ],
          [
            77.325649,
            40.478563
          ],
          [
            77.325549,
            40.478818
          ],
          [
            77.325429,
            40.479032
          ],
          [
            77.324858,
            40.479785
          ],
          [
            77.324738,
            40.479989
          ],
          [
            77.324653,
            40.480178
          ],
          [
            77.324609,
            40.48037
          ],
          [
            77.324582,
            40.48057
          ],
          [
            77.324582,
            40.480752
          ],
          [
            77.324598,
            40.48091
          ],
          [
            77.324645,
            40.481089
          ],
          [
            77.324745,
            40.48132
          ],
          [
            77.324878,
            40.481528
          ],
          [
            77.325058,
            40.481737
          ],
          [
            77.325267,
            40.481923
          ],
          [
            77.325399,
            40.482026
          ],
          [
            77.325554,
            40.482137
          ],
          [
            77.327386,
            40.48321
          ],
          [
            77.329812,
            40.484643
          ],
          [
            77.330121,
            40.484835
          ],
          [
            77.330405,
            40.485027
          ],
          [
            77.330817,
            40.485383
          ],
          [
            77.33106,
            40.485663
          ],
          [
            77.331277,
            40.485958
          ],
          [
            77.331493,
            40.486352
          ],
          [
            77.331612,
            40.486688
          ],
          [
            77.331687,
            40.486928
          ],
          [
            77.331729,
            40.487152
          ],
          [
            77.331759,
            40.487391
          ],
          [
            77.331768,
            40.48764
          ],
          [
            77.331835,
            40.489111
          ],
          [
            77.331867,
            40.489747
          ],
          [
            77.331915,
            40.490171
          ],
          [
            77.332005,
            40.490449
          ],
          [
            77.332146,
            40.490704
          ],
          [
            77.332376,
            40.491001
          ],
          [
            77.332674,
            40.491234
          ],
          [
            77.333038,
            40.491454
          ],
          [
            77.337095,
            40.493229
          ],
          [
            77.3377,
            40.493521
          ],
          [
            77.338212,
            40.493816
          ],
          [
            77.339801,
            40.494889
          ],
          [
            77.340352,
            40.495253
          ],
          [
            77.343074,
            40.497148
          ],
          [
            77.344247,
            40.497833
          ],
          [
            77.344818,
            40.498115
          ],
          [
            77.345389,
            40.498357
          ],
          [
            77.346062,
            40.498602
          ],
          [
            77.346726,
            40.498793
          ],
          [
            77.347852,
            40.499023
          ],
          [
            77.348837,
            40.499137
          ],
          [
            77.349931,
            40.499175
          ],
          [
            77.35049,
            40.499176
          ],
          [
            77.351098,
            40.499156
          ],
          [
            77.351927,
            40.499041
          ],
          [
            77.352716,
            40.498904
          ],
          [
            77.353782,
            40.498635
          ],
          [
            77.354387,
            40.498489
          ],
          [
            77.354993,
            40.498365
          ],
          [
            77.355619,
            40.498305
          ],
          [
            77.356607,
            40.498273
          ],
          [
            77.357507,
            40.498346
          ],
          [
            77.358399,
            40.498462
          ],
          [
            77.359069,
            40.498462
          ],
          [
            77.359643,
            40.498404
          ],
          [
            77.360259,
            40.498294
          ],
          [
            77.361037,
            40.498182
          ],
          [
            77.361619,
            40.498184
          ],
          [
            77.361962,
            40.498218
          ],
          [
            77.362296,
            40.498257
          ],
          [
            77.362752,
            40.498358
          ],
          [
            77.365136,
            40.499045
          ],
          [
            77.36774,
            40.499796
          ],
          [
            77.368139,
            40.499964
          ],
          [
            77.36847,
            40.500137
          ],
          [
            77.36885,
            40.500419
          ],
          [
            77.369108,
            40.500677
          ],
          [
            77.369362,
            40.50096
          ],
          [
            77.369555,
            40.501282
          ],
          [
            77.369692,
            40.501614
          ],
          [
            77.369789,
            40.501966
          ],
          [
            77.370269,
            40.504509
          ],
          [
            77.370369,
            40.504923
          ],
          [
            77.370535,
            40.505328
          ],
          [
            77.370663,
            40.505545
          ],
          [
            77.370824,
            40.505763
          ],
          [
            77.371089,
            40.506087
          ],
          [
            77.371528,
            40.506475
          ],
          [
            77.372254,
            40.506934
          ],
          [
            77.376447,
            40.509512
          ],
          [
            77.378313,
            40.51055
          ],
          [
            77.37989,
            40.511279
          ],
          [
            77.381382,
            40.511936
          ],
          [
            77.383115,
            40.512702
          ],
          [
            77.384187,
            40.513149
          ],
          [
            77.386327,
            40.514107
          ],
          [
            77.388234,
            40.514923
          ],
          [
            77.388591,
            40.515142
          ],
          [
            77.388846,
            40.515382
          ],
          [
            77.389054,
            40.515658
          ],
          [
            77.389238,
            40.515944
          ],
          [
            77.389604,
            40.516483
          ],
          [
            77.389841,
            40.51674
          ],
          [
            77.390174,
            40.516956
          ],
          [
            77.390715,
            40.517217
          ],
          [
            77.394138,
            40.518251
          ],
          [
            77.396845,
            40.519064
          ],
          [
            77.397205,
            40.519264
          ],
          [
            77.397426,
            40.519418
          ],
          [
            77.397665,
            40.519672
          ],
          [
            77.398454,
            40.520713
          ],
          [
            77.398774,
            40.520975
          ],
          [
            77.39916,
            40.521182
          ],
          [
            77.399684,
            40.521348
          ],
          [
            77.401818,
            40.521765
          ],
          [
            77.407369,
            40.522676
          ],
          [
            77.408778,
            40.522936
          ],
          [
            77.409932,
            40.523154
          ],
          [
            77.410561,
            40.523311
          ],
          [
            77.411226,
            40.523502
          ],
          [
            77.413801,
            40.52446
          ],
          [
            77.414885,
            40.524699
          ],
          [
            77.415956,
            40.524824
          ],
          [
            77.417272,
            40.524797
          ],
          [
            77.423001,
            40.524894
          ],
          [
            77.423632,
            40.52494
          ],
          [
            77.424215,
            40.525008
          ],
          [
            77.424932,
            40.525192
          ],
          [
            77.425526,
            40.525397
          ],
          [
            77.426051,
            40.525609
          ],
          [
            77.426821,
            40.526034
          ],
          [
            77.427482,
            40.526491
          ],
          [
            77.428214,
            40.526856
          ],
          [
            77.42888,
            40.527034
          ],
          [
            77.429488,
            40.527162
          ],
          [
            77.429866,
            40.527196
          ],
          [
            77.430139,
            40.527196
          ],
          [
            77.430404,
            40.527142
          ],
          [
            77.430577,
            40.527041
          ],
          [
            77.430916,
            40.52683
          ],
          [
            77.431262,
            40.526677
          ],
          [
            77.431529,
            40.526602
          ],
          [
            77.43432,
            40.526059
          ],
          [
            77.434688,
            40.526019
          ],
          [
            77.435023,
            40.526013
          ],
          [
            77.435333,
            40.526003
          ],
          [
            77.438899,
            40.526198
          ],
          [
            77.439406,
            40.526173
          ],
          [
            77.439705,
            40.526127
          ],
          [
            77.44035,
            40.525934
          ],
          [
            77.44136,
            40.525619
          ],
          [
            77.441985,
            40.525492
          ],
          [
            77.442558,
            40.52541
          ],
          [
            77.443092,
            40.525387
          ],
          [
            77.443626,
            40.525382
          ],
          [
            77.444172,
            40.525417
          ],
          [
            77.444718,
            40.525481
          ],
          [
            77.44898,
            40.526026
          ],
          [
            77.45362,
            40.526675
          ],
          [
            77.454779,
            40.526733
          ],
          [
            77.455438,
            40.526692
          ],
          [
            77.456105,
            40.526592
          ],
          [
            77.459094,
            40.525626
          ],
          [
            77.459502,
            40.525547
          ],
          [
            77.459853,
            40.525535
          ],
          [
            77.460193,
            40.525583
          ],
          [
            77.461572,
            40.525836
          ],
          [
            77.461898,
            40.525888
          ],
          [
            77.462257,
            40.525921
          ],
          [
            77.462782,
            40.525938
          ],
          [
            77.463368,
            40.525932
          ],
          [
            77.464158,
            40.525863
          ],
          [
            77.46888,
            40.524683
          ],
          [
            77.470577,
            40.524284
          ],
          [
            77.471528,
            40.524085
          ],
          [
            77.472321,
            40.524008
          ],
          [
            77.473037,
            40.524
          ],
          [
            77.473711,
            40.524049
          ],
          [
            77.477112,
            40.524325
          ],
          [
            77.479577,
            40.524562
          ],
          [
            77.482502,
            40.524829
          ],
          [
            77.482835,
            40.524877
          ],
          [
            77.483092,
            40.524968
          ],
          [
            77.483285,
            40.525095
          ],
          [
            77.483421,
            40.525228
          ],
          [
            77.483517,
            40.525433
          ],
          [
            77.483551,
            40.525577
          ],
          [
            77.483566,
            40.525717
          ],
          [
            77.48351,
            40.526131
          ],
          [
            77.483445,
            40.526419
          ],
          [
            77.483386,
            40.526754
          ],
          [
            77.483367,
            40.527038
          ],
          [
            77.48344,
            40.527264
          ],
          [
            77.483574,
            40.527444
          ],
          [
            77.483784,
            40.527613
          ],
          [
            77.484037,
            40.527721
          ],
          [
            77.48621,
            40.528344
          ],
          [
            77.487455,
            40.528703
          ],
          [
            77.488099,
            40.5289
          ],
          [
            77.48873,
            40.52911
          ],
          [
            77.489624,
            40.529445
          ],
          [
            77.490466,
            40.529814
          ],
          [
            77.49377,
            40.531389
          ],
          [
            77.494173,
            40.531561
          ],
          [
            77.494519,
            40.531688
          ],
          [
            77.495144,
            40.531876
          ],
          [
            77.495747,
            40.532036
          ],
          [
            77.496665,
            40.532223
          ],
          [
            77.497576,
            40.532353
          ],
          [
            77.498428,
            40.532417
          ],
          [
            77.506354,
            40.532882
          ],
          [
            77.514633,
            40.533378
          ],
          [
            77.516264,
            40.53343
          ],
          [
            77.519642,
            40.533684
          ],
          [
            77.519904,
            40.533717
          ],
          [
            77.520171,
            40.533783
          ],
          [
            77.520573,
            40.533913
          ],
          [
            77.520982,
            40.53407
          ],
          [
            77.521436,
            40.534307
          ],
          [
            77.521811,
            40.534541
          ],
          [
            77.522187,
            40.534789
          ],
          [
            77.522537,
            40.535113
          ],
          [
            77.522842,
            40.535473
          ],
          [
            77.523211,
            40.536087
          ],
          [
            77.524963,
            40.539376
          ],
          [
            77.525232,
            40.539763
          ],
          [
            77.525773,
            40.540339
          ],
          [
            77.526186,
            40.540634
          ],
          [
            77.526875,
            40.541012
          ],
          [
            77.527711,
            40.541346
          ],
          [
            77.528773,
            40.541742
          ],
          [
            77.531319,
            40.5427
          ],
          [
            77.533392,
            40.543447
          ],
          [
            77.534566,
            40.543909
          ],
          [
            77.538179,
            40.545182
          ],
          [
            77.538886,
            40.545528
          ],
          [
            77.539283,
            40.545895
          ],
          [
            77.539601,
            40.546279
          ],
          [
            77.539767,
            40.546745
          ],
          [
            77.539806,
            40.547126
          ],
          [
            77.539817,
            40.547239
          ],
          [
            77.539709,
            40.547557
          ],
          [
            77.539482,
            40.547941
          ],
          [
            77.539113,
            40.548332
          ],
          [
            77.538572,
            40.548632
          ],
          [
            77.538134,
            40.548809
          ],
          [
            77.537508,
            40.548887
          ],
          [
            77.536899,
            40.548861
          ],
          [
            77.534521,
            40.54843
          ],
          [
            77.533869,
            40.548352
          ],
          [
            77.533234,
            40.548417
          ],
          [
            77.532753,
            40.548606
          ],
          [
            77.532485,
            40.548759
          ],
          [
            77.532238,
            40.548932
          ],
          [
            77.532023,
            40.549086
          ],
          [
            77.531826,
            40.549259
          ],
          [
            77.531676,
            40.549482
          ],
          [
            77.531577,
            40.549722
          ],
          [
            77.531525,
            40.549925
          ],
          [
            77.531491,
            40.550145
          ],
          [
            77.531504,
            40.55041
          ],
          [
            77.53156,
            40.5507
          ],
          [
            77.531732,
            40.551085
          ],
          [
            77.532152,
            40.551522
          ],
          [
            77.532796,
            40.551854
          ],
          [
            77.533517,
            40.55203
          ],
          [
            77.535079,
            40.552265
          ],
          [
            77.538706,
            40.552638
          ],
          [
            77.539298,
            40.552654
          ],
          [
            77.540186,
            40.552643
          ],
          [
            77.540972,
            40.552671
          ],
          [
            77.541643,
            40.552742
          ],
          [
            77.542495,
            40.552874
          ],
          [
            77.544228,
            40.553154
          ],
          [
            77.545232,
            40.553225
          ],
          [
            77.546444,
            40.553411
          ],
          [
            77.546949,
            40.5534
          ],
          [
            77.547714,
            40.553389
          ],
          [
            77.548234,
            40.553433
          ],
          [
            77.548894,
            40.55357
          ],
          [
            77.550525,
            40.554048
          ],
          [
            77.551269,
            40.554289
          ],
          [
            77.553737,
            40.554991
          ],
          [
            77.554069,
            40.555035
          ],
          [
            77.554379,
            40.555051
          ],
          [
            77.554841,
            40.555002
          ],
          [
            77.555658,
            40.554805
          ],
          [
            77.556322,
            40.55469
          ],
          [
            77.556899,
            40.554662
          ],
          [
            77.557455,
            40.554695
          ],
          [
            77.557946,
            40.554767
          ],
          [
            77.561228,
            40.55574
          ],
          [
            77.562946,
            40.556119
          ],
          [
            77.563249,
            40.556146
          ],
          [
            77.563617,
            40.55613
          ],
          [
            77.564548,
            40.55602
          ],
          [
            77.565227,
            40.556018
          ],
          [
            77.565716,
            40.555901
          ],
          [
            77.567338,
            40.555399
          ],
          [
            77.567802,
            40.555295
          ],
          [
            77.568222,
            40.555249
          ],
          [
            77.568592,
            40.555249
          ],
          [
            77.569252,
            40.555353
          ],
          [
            77.569999,
            40.555445
          ],
          [
            77.570789,
            40.555601
          ],
          [
            77.571338,
            40.555679
          ],
          [
            77.572517,
            40.555737
          ],
          [
            77.572826,
            40.555685
          ],
          [
            77.57316,
            40.555548
          ],
          [
            77.575126,
            40.554655
          ],
          [
            77.575761,
            40.554452
          ],
          [
            77.57619,
            40.5544
          ],
          [
            77.577762,
            40.554448
          ],
          [
            77.57826,
            40.554487
          ],
          [
            77.579608,
            40.554794
          ],
          [
            77.580105,
            40.554866
          ],
          [
            77.581367,
            40.555074
          ],
          [
            77.581865,
            40.555218
          ],
          [
            77.582268,
            40.5554
          ],
          [
            77.584715,
            40.557135
          ],
          [
            77.585298,
            40.557781
          ],
          [
            77.585847,
            40.558424
          ],
          [
            77.586988,
            40.559384
          ],
          [
            77.587353,
            40.559854
          ],
          [
            77.587583,
            40.560241
          ],
          [
            77.587685,
            40.560764
          ],
          [
            77.587664,
            40.561253
          ],
          [
            77.587572,
            40.561617
          ],
          [
            77.587144,
            40.562443
          ],
          [
            77.586974,
            40.562926
          ],
          [
            77.586901,
            40.563396
          ],
          [
            77.586914,
            40.563962
          ],
          [
            77.58695,
            40.564317
          ],
          [
            77.58709,
            40.56464
          ],
          [
            77.588291,
            40.566069
          ],
          [
            77.588728,
            40.566452
          ],
          [
            77.589099,
            40.56659
          ],
          [
            77.590209,
            40.566821
          ],
          [
            77.590701,
            40.566855
          ],
          [
            77.591468,
            40.566849
          ],
          [
            77.59184,
            40.566833
          ],
          [
            77.592187,
            40.566769
          ],
          [
            77.592915,
            40.566543
          ],
          [
            77.593412,
            40.566426
          ],
          [
            77.593849,
            40.566354
          ],
          [
            77.594296,
            40.566367
          ],
          [
            77.594674,
            40.566395
          ],
          [
            77.595059,
            40.566467
          ],
          [
            77.59554,
            40.56657
          ],
          [
            77.596386,
            40.56683
          ],
          [
            77.596971,
            40.567165
          ],
          [
            77.597418,
            40.567499
          ],
          [
            77.597779,
            40.567834
          ],
          [
            77.598089,
            40.568168
          ],
          [
            77.598284,
            40.568497
          ],
          [
            77.599036,
            40.570332
          ],
          [
            77.599108,
            40.570634
          ],
          [
            77.599137,
            40.570968
          ],
          [
            77.599122,
            40.571379
          ],
          [
            77.598971,
            40.571845
          ],
          [
            77.598837,
            40.572081
          ],
          [
            77.598624,
            40.572377
          ],
          [
            77.598235,
            40.57275
          ],
          [
            77.598065,
            40.572895
          ],
          [
            77.597578,
            40.573216
          ],
          [
            77.597159,
            40.573353
          ],
          [
            77.596051,
            40.573612
          ],
          [
            77.595275,
            40.57376
          ],
          [
            77.594668,
            40.574045
          ],
          [
            77.594085,
            40.574516
          ],
          [
            77.593782,
            40.575013
          ],
          [
            77.593612,
            40.575576
          ],
          [
            77.593612,
            40.576101
          ],
          [
            77.593676,
            40.57646
          ],
          [
            77.593782,
            40.576765
          ],
          [
            77.594004,
            40.577211
          ],
          [
            77.594195,
            40.577419
          ],
          [
            77.594465,
            40.577621
          ],
          [
            77.594898,
            40.577824
          ],
          [
            77.595368,
            40.577995
          ],
          [
            77.596266,
            40.578469
          ],
          [
            77.597256,
            40.579197
          ],
          [
            77.597909,
            40.579833
          ],
          [
            77.598268,
            40.5801
          ],
          [
            77.599008,
            40.580691
          ],
          [
            77.59935,
            40.580915
          ],
          [
            77.599701,
            40.581128
          ],
          [
            77.601778,
            40.581897
          ],
          [
            77.60277,
            40.582514
          ],
          [
            77.603289,
            40.58291
          ],
          [
            77.60413,
            40.583917
          ],
          [
            77.604378,
            40.584212
          ],
          [
            77.604655,
            40.584482
          ],
          [
            77.605128,
            40.584835
          ],
          [
            77.605538,
            40.58512
          ],
          [
            77.606738,
            40.585777
          ],
          [
            77.607891,
            40.586247
          ],
          [
            77.609242,
            40.587079
          ],
          [
            77.61032,
            40.587689
          ],
          [
            77.61079,
            40.587993
          ],
          [
            77.611265,
            40.588368
          ],
          [
            77.611647,
            40.588717
          ],
          [
            77.612002,
            40.589154
          ],
          [
            77.612386,
            40.589639
          ],
          [
            77.612746,
            40.590165
          ],
          [
            77.612966,
            40.590537
          ],
          [
            77.613074,
            40.590921
          ],
          [
            77.613331,
            40.591856
          ],
          [
            77.613348,
            40.593343
          ],
          [
            77.612919,
            40.596106
          ],
          [
            77.612348,
            40.598003
          ],
          [
            77.60708,
            40.607159
          ],
          [
            77.605824,
            40.609302
          ],
          [
            77.605557,
            40.609813
          ],
          [
            77.605365,
            40.610243
          ],
          [
            77.605105,
            40.611059
          ],
          [
            77.605055,
            40.611226
          ],
          [
            77.604926,
            40.611852
          ],
          [
            77.604711,
            40.613331
          ],
          [
            77.60435,
            40.614548
          ],
          [
            77.604152,
            40.615061
          ],
          [
            77.603931,
            40.615528
          ],
          [
            77.603621,
            40.616048
          ],
          [
            77.602987,
            40.616956
          ],
          [
            77.602482,
            40.617542
          ],
          [
            77.602006,
            40.618071
          ],
          [
            77.60153,
            40.618527
          ],
          [
            77.600168,
            40.619679
          ],
          [
            77.599505,
            40.620266
          ],
          [
            77.598693,
            40.621074
          ],
          [
            77.59795,
            40.621877
          ],
          [
            77.597315,
            40.622661
          ],
          [
            77.596615,
            40.623617
          ],
          [
            77.589301,
            40.634674
          ],
          [
            77.588928,
            40.635011
          ],
          [
            77.588646,
            40.635246
          ],
          [
            77.588328,
            40.635476
          ],
          [
            77.588075,
            40.63569
          ],
          [
            77.58782,
            40.635948
          ],
          [
            77.587723,
            40.636087
          ],
          [
            77.587655,
            40.636245
          ],
          [
            77.587557,
            40.636525
          ],
          [
            77.587507,
            40.636778
          ],
          [
            77.587504,
            40.637442
          ],
          [
            77.587487,
            40.637756
          ],
          [
            77.5874,
            40.638058
          ],
          [
            77.587283,
            40.638346
          ],
          [
            77.586919,
            40.638908
          ],
          [
            77.586687,
            40.639268
          ],
          [
            77.586485,
            40.639688
          ],
          [
            77.586321,
            40.640182
          ],
          [
            77.58552,
            40.643754
          ],
          [
            77.584887,
            40.646772
          ],
          [
            77.584563,
            40.648192
          ],
          [
            77.583824,
            40.651645
          ],
          [
            77.583778,
            40.652081
          ],
          [
            77.583764,
            40.652562
          ],
          [
            77.583814,
            40.653497
          ],
          [
            77.583863,
            40.654079
          ],
          [
            77.583874,
            40.654696
          ],
          [
            77.583824,
            40.655022
          ],
          [
            77.583726,
            40.655377
          ],
          [
            77.583607,
            40.655714
          ],
          [
            77.583475,
            40.655964
          ],
          [
            77.581782,
            40.658228
          ],
          [
            77.581252,
            40.658862
          ],
          [
            77.580515,
            40.659603
          ],
          [
            77.579771,
            40.660193
          ],
          [
            77.573479,
            40.664438
          ],
          [
            77.572671,
            40.665119
          ],
          [
            77.572253,
            40.66558
          ],
          [
            77.571819,
            40.666187
          ],
          [
            77.569966,
            40.669263
          ],
          [
            77.569782,
            40.669702
          ],
          [
            77.569675,
            40.670218
          ],
          [
            77.569641,
            40.670763
          ],
          [
            77.570081,
            40.676643
          ],
          [
            77.570238,
            40.678418
          ],
          [
            77.570348,
            40.679145
          ],
          [
            77.570399,
            40.679387
          ],
          [
            77.570568,
            40.680201
          ],
          [
            77.57097,
            40.681742
          ],
          [
            77.571306,
            40.682948
          ],
          [
            77.571561,
            40.684019
          ],
          [
            77.571613,
            40.684487
          ],
          [
            77.571591,
            40.684955
          ],
          [
            77.57144,
            40.685697
          ],
          [
            77.570845,
            40.687685
          ],
          [
            77.570433,
            40.688485
          ],
          [
            77.568558,
            40.690948
          ],
          [
            77.568103,
            40.691447
          ],
          [
            77.567284,
            40.692131
          ],
          [
            77.567071,
            40.692349
          ],
          [
            77.566868,
            40.692646
          ],
          [
            77.566776,
            40.692882
          ],
          [
            77.566709,
            40.693162
          ],
          [
            77.566757,
            40.696784
          ],
          [
            77.566727,
            40.69706
          ],
          [
            77.566605,
            40.697603
          ],
          [
            77.566414,
            40.698102
          ],
          [
            77.565342,
            40.700381
          ],
          [
            77.565292,
            40.700641
          ],
          [
            77.565291,
            40.700903
          ],
          [
            77.565329,
            40.701182
          ],
          [
            77.565428,
            40.701444
          ],
          [
            77.565545,
            40.70171
          ],
          [
            77.565759,
            40.702322
          ],
          [
            77.565823,
            40.702674
          ],
          [
            77.565786,
            40.703016
          ],
          [
            77.565656,
            40.703861
          ],
          [
            77.565561,
            40.7046
          ],
          [
            77.56482,
            40.70925
          ],
          [
            77.564692,
            40.709984
          ],
          [
            77.564563,
            40.710354
          ],
          [
            77.564335,
            40.710844
          ],
          [
            77.564013,
            40.711534
          ],
          [
            77.56388,
            40.711901
          ],
          [
            77.56384,
            40.712304
          ],
          [
            77.563964,
            40.715641
          ],
          [
            77.563982,
            40.716231
          ],
          [
            77.563948,
            40.716613
          ],
          [
            77.56387,
            40.717033
          ],
          [
            77.563681,
            40.717504
          ],
          [
            77.563457,
            40.717898
          ],
          [
            77.563173,
            40.718257
          ],
          [
            77.562578,
            40.718754
          ],
          [
            77.561912,
            40.71921
          ],
          [
            77.561474,
            40.71963
          ],
          [
            77.561169,
            40.720036
          ],
          [
            77.561057,
            40.720339
          ],
          [
            77.561058,
            40.720817
          ],
          [
            77.561102,
            40.721178
          ],
          [
            77.561239,
            40.721561
          ],
          [
            77.561554,
            40.72211
          ],
          [
            77.561849,
            40.722499
          ],
          [
            77.562278,
            40.723078
          ],
          [
            77.562555,
            40.723458
          ],
          [
            77.564678,
            40.726304
          ],
          [
            77.564831,
            40.726645
          ],
          [
            77.564877,
            40.726981
          ],
          [
            77.564885,
            40.727222
          ],
          [
            77.564847,
            40.727441
          ],
          [
            77.564762,
            40.727661
          ],
          [
            77.564588,
            40.728047
          ],
          [
            77.56442,
            40.728349
          ],
          [
            77.56436,
            40.728672
          ],
          [
            77.564338,
            40.728964
          ],
          [
            77.564393,
            40.729281
          ],
          [
            77.564556,
            40.72964
          ],
          [
            77.564743,
            40.729964
          ],
          [
            77.564983,
            40.730565
          ],
          [
            77.565018,
            40.73085
          ],
          [
            77.565,
            40.731135
          ],
          [
            77.56488,
            40.731438
          ],
          [
            77.564697,
            40.731749
          ],
          [
            77.5645,
            40.731971
          ],
          [
            77.564263,
            40.732152
          ],
          [
            77.563868,
            40.732375
          ],
          [
            77.563363,
            40.732547
          ],
          [
            77.562778,
            40.732692
          ],
          [
            77.562217,
            40.732707
          ],
          [
            77.561447,
            40.732762
          ],
          [
            77.560813,
            40.732866
          ],
          [
            77.560327,
            40.733075
          ],
          [
            77.55997,
            40.733302
          ],
          [
            77.559695,
            40.733558
          ],
          [
            77.559449,
            40.733897
          ],
          [
            77.559305,
            40.734204
          ],
          [
            77.559231,
            40.734583
          ],
          [
            77.559172,
            40.735039
          ],
          [
            77.558802,
            40.736993
          ],
          [
            77.558677,
            40.737368
          ],
          [
            77.558446,
            40.737762
          ],
          [
            77.558114,
            40.738094
          ],
          [
            77.557487,
            40.738598
          ],
          [
            77.556178,
            40.739617
          ],
          [
            77.555529,
            40.740168
          ],
          [
            77.55516,
            40.740601
          ],
          [
            77.554852,
            40.741068
          ],
          [
            77.55465,
            40.741553
          ],
          [
            77.554447,
            40.742094
          ],
          [
            77.554261,
            40.742497
          ],
          [
            77.554005,
            40.742825
          ],
          [
            77.553095,
            40.743781
          ],
          [
            77.552945,
            40.744004
          ],
          [
            77.552865,
            40.744225
          ],
          [
            77.552848,
            40.744559
          ],
          [
            77.552877,
            40.744922
          ],
          [
            77.553016,
            40.745257
          ],
          [
            77.553123,
            40.745456
          ],
          [
            77.553295,
            40.745669
          ],
          [
            77.553684,
            40.745985
          ],
          [
            77.554163,
            40.746298
          ],
          [
            77.554584,
            40.746612
          ],
          [
            77.554849,
            40.746933
          ],
          [
            77.555266,
            40.747702
          ],
          [
            77.555699,
            40.748631
          ],
          [
            77.556133,
            40.749536
          ],
          [
            77.556644,
            40.750652
          ],
          [
            77.557184,
            40.75184
          ],
          [
            77.557346,
            40.752242
          ],
          [
            77.557401,
            40.752789
          ],
          [
            77.557426,
            40.753251
          ],
          [
            77.557367,
            40.753608
          ],
          [
            77.557328,
            40.753884
          ],
          [
            77.557193,
            40.75419
          ],
          [
            77.556929,
            40.754634
          ],
          [
            77.556699,
            40.754905
          ],
          [
            77.55649,
            40.755142
          ],
          [
            77.556192,
            40.755416
          ],
          [
            77.555666,
            40.755817
          ],
          [
            77.555339,
            40.756087
          ],
          [
            77.555059,
            40.756302
          ],
          [
            77.554597,
            40.756662
          ],
          [
            77.554377,
            40.75691
          ],
          [
            77.554185,
            40.757189
          ],
          [
            77.553998,
            40.757516
          ],
          [
            77.553679,
            40.758176
          ],
          [
            77.5535,
            40.758574
          ],
          [
            77.551225,
            40.763768
          ],
          [
            77.550309,
            40.765646
          ],
          [
            77.549695,
            40.766554
          ],
          [
            77.549404,
            40.766942
          ],
          [
            77.548048,
            40.768481
          ],
          [
            77.546857,
            40.769923
          ],
          [
            77.544917,
            40.772254
          ],
          [
            77.544379,
            40.772921
          ],
          [
            77.544218,
            40.773184
          ],
          [
            77.544115,
            40.773462
          ],
          [
            77.544066,
            40.773777
          ],
          [
            77.544091,
            40.774155
          ],
          [
            77.544159,
            40.774462
          ],
          [
            77.544296,
            40.774758
          ],
          [
            77.544531,
            40.775066
          ],
          [
            77.544906,
            40.775472
          ],
          [
            77.54816,
            40.777479
          ],
          [
            77.54886,
            40.77794
          ],
          [
            77.549299,
            40.778313
          ],
          [
            77.549713,
            40.778683
          ],
          [
            77.550344,
            40.779459
          ],
          [
            77.552277,
            40.782244
          ],
          [
            77.553016,
            40.783044
          ],
          [
            77.554293,
            40.783724
          ],
          [
            77.557521,
            40.784915
          ],
          [
            77.560799,
            40.786122
          ],
          [
            77.566048,
            40.788077
          ],
          [
            77.574179,
            40.791087
          ],
          [
            77.576008,
            40.791769
          ],
          [
            77.576291,
            40.791604
          ],
          [
            77.577694,
            40.790294
          ],
          [
            77.578271,
            40.789631
          ],
          [
            77.578995,
            40.788892
          ],
          [
            77.580214,
            40.787661
          ],
          [
            77.579035,
            40.787234
          ],
          [
            77.57696,
            40.786481
          ]
        ]
      }
    },
    {
      "type": "Feature",
      "id": "route_spur_qarabulaq_qarachi",
      "properties": {
        "kind": "spur",
        "label": "Qarabulaq → Qarachi",
        "title": "Qarabulaq → Qarachi",
        "description": "",
        "stroke": "#1a1208",
        "stroke-width": 5,
        "stroke-opacity": 0.9
      },
      "geometry": {
        "type": "LineString",
        "coordinates": [
          [
            77.57696,
            40.786481
          ],
          [
            77.579035,
            40.787234
          ],
          [
            77.580214,
            40.787661
          ],
          [
            77.578995,
            40.788892
          ],
          [
            77.578271,
            40.789631
          ],
          [
            77.577694,
            40.790294
          ],
          [
            77.576291,
            40.791604
          ],
          [
            77.576008,
            40.791769
          ],
          [
            77.576894,
            40.792099
          ],
          [
            77.57735,
            40.792229
          ],
          [
            77.577878,
            40.792293
          ],
          [
            77.578386,
            40.792272
          ],
          [
            77.578927,
            40.792152
          ],
          [
            77.57933,
            40.791995
          ],
          [
            77.579687,
            40.791792
          ],
          [
            77.580065,
            40.791484
          ],
          [
            77.581305,
            40.790247
          ],
          [
            77.581476,
            40.790096
          ],
          [
            77.581753,
            40.789865
          ],
          [
            77.582057,
            40.789683
          ],
          [
            77.582407,
            40.789514
          ],
          [
            77.582838,
            40.789375
          ],
          [
            77.583139,
            40.789308
          ],
          [
            77.583562,
            40.789268
          ],
          [
            77.583976,
            40.789265
          ],
          [
            77.584505,
            40.789339
          ],
          [
            77.584693,
            40.789372
          ],
          [
            77.585171,
            40.789512
          ],
          [
            77.591422,
            40.791882
          ],
          [
            77.597457,
            40.794149
          ],
          [
            77.599237,
            40.794935
          ],
          [
            77.600067,
            40.79537
          ],
          [
            77.601138,
            40.79596
          ],
          [
            77.602461,
            40.796813
          ],
          [
            77.604912,
            40.798068
          ],
          [
            77.605325,
            40.798272
          ],
          [
            77.611375,
            40.801276
          ],
          [
            77.613781,
            40.802424
          ],
          [
            77.615132,
            40.803178
          ],
          [
            77.616014,
            40.803762
          ],
          [
            77.617054,
            40.804663
          ],
          [
            77.618563,
            40.805969
          ],
          [
            77.624071,
            40.810739
          ],
          [
            77.624914,
            40.811289
          ],
          [
            77.628389,
            40.813193
          ],
          [
            77.634017,
            40.815777
          ],
          [
            77.637831,
            40.81747
          ],
          [
            77.638709,
            40.818052
          ],
          [
            77.642517,
            40.823049
          ],
          [
            77.64365,
            40.82466
          ],
          [
            77.645193,
            40.827659
          ],
          [
            77.646071,
            40.829175
          ],
          [
            77.651412,
            40.833674
          ],
          [
            77.651867,
            40.834015
          ],
          [
            77.652337,
            40.834355
          ],
          [
            77.65268,
            40.834536
          ],
          [
            77.659273,
            40.835992
          ],
          [
            77.662852,
            40.837466
          ],
          [
            77.673805,
            40.839742
          ],
          [
            77.682107,
            40.842675
          ],
          [
            77.686023,
            40.842919
          ],
          [
            77.697646,
            40.843525
          ],
          [
            77.712754,
            40.844365
          ],
          [
            77.713307,
            40.844283
          ],
          [
            77.713883,
            40.844081
          ],
          [
            77.716569,
            40.842869
          ],
          [
            77.717054,
            40.842724
          ],
          [
            77.717567,
            40.842579
          ],
          [
            77.718045,
            40.842475
          ],
          [
            77.718449,
            40.842384
          ],
          [
            77.7202,
            40.842013
          ],
          [
            77.72325,
            40.841418
          ],
          [
            77.72358,
            40.841384
          ],
          [
            77.724028,
            40.841407
          ],
          [
            77.724475,
            40.841567
          ],
          [
            77.725681,
            40.842067
          ],
          [
            77.727798,
            40.842945
          ],
          [
            77.728845,
            40.843593
          ],
          [
            77.729296,
            40.843878
          ],
          [
            77.732031,
            40.844994
          ],
          [
            77.73298,
            40.845349
          ],
          [
            77.733829,
            40.845453
          ],
          [
            77.734724,
            40.845476
          ],
          [
            77.735377,
            40.845585
          ],
          [
            77.735756,
            40.845711
          ],
          [
            77.736082,
            40.845924
          ],
          [
            77.737316,
            40.846922
          ],
          [
            77.738003,
            40.84788
          ],
          [
            77.738537,
            40.848563
          ],
          [
            77.739912,
            40.849308
          ],
          [
            77.741167,
            40.850261
          ],
          [
            77.741643,
            40.850629
          ],
          [
            77.742576,
            40.850991
          ],
          [
            77.743957,
            40.851427
          ],
          [
            77.747295,
            40.852431
          ],
          [
            77.753582,
            40.854412
          ],
          [
            77.762434,
            40.85717
          ],
          [
            77.766906,
            40.860109
          ],
          [
            77.771674,
            40.860926
          ],
          [
            77.772193,
            40.861014
          ],
          [
            77.772985,
            40.861148
          ],
          [
            77.773547,
            40.86131
          ],
          [
            77.775982,
            40.862378
          ],
          [
            77.777875,
            40.863208
          ],
          [
            77.783704,
            40.865765
          ],
          [
            77.792571,
            40.870499
          ],
          [
            77.792757,
            40.870613
          ],
          [
            77.794825,
            40.871703
          ],
          [
            77.795527,
            40.87196
          ],
          [
            77.797076,
            40.87245
          ],
          [
            77.798906,
            40.873031
          ],
          [
            77.799534,
            40.873511
          ],
          [
            77.804095,
            40.876716
          ],
          [
            77.804404,
            40.876871
          ],
          [
            77.806064,
            40.877247
          ],
          [
            77.806864,
            40.877454
          ],
          [
            77.807596,
            40.877661
          ],
          [
            77.807951,
            40.87766
          ],
          [
            77.808326,
            40.877492
          ],
          [
            77.809777,
            40.876857
          ],
          [
            77.810426,
            40.876662
          ],
          [
            77.810919,
            40.876595
          ],
          [
            77.814699,
            40.876213
          ],
          [
            77.821207,
            40.875488
          ],
          [
            77.821846,
            40.875369
          ],
          [
            77.824039,
            40.874656
          ],
          [
            77.824497,
            40.87449
          ],
          [
            77.827601,
            40.873464
          ],
          [
            77.828084,
            40.873304
          ],
          [
            77.829238,
            40.873181
          ],
          [
            77.831772,
            40.873099
          ],
          [
            77.837739,
            40.873775
          ],
          [
            77.838289,
            40.873911
          ],
          [
            77.840592,
            40.874743
          ],
          [
            77.844019,
            40.876727
          ],
          [
            77.844588,
            40.876899
          ],
          [
            77.845514,
            40.877065
          ],
          [
            77.846189,
            40.877265
          ],
          [
            77.848052,
            40.878001
          ],
          [
            77.848373,
            40.878053
          ],
          [
            77.848685,
            40.878002
          ],
          [
            77.849939,
            40.877425
          ],
          [
            77.850529,
            40.87731
          ],
          [
            77.850971,
            40.877354
          ],
          [
            77.851557,
            40.877527
          ],
          [
            77.853691,
            40.879414
          ],
          [
            77.853958,
            40.879573
          ],
          [
            77.8543,
            40.879643
          ],
          [
            77.86244,
            40.880041
          ],
          [
            77.863359,
            40.880294
          ],
          [
            77.867926,
            40.882294
          ],
          [
            77.873839,
            40.884737
          ],
          [
            77.874165,
            40.884776
          ],
          [
            77.875597,
            40.884784
          ],
          [
            77.875919,
            40.884755
          ],
          [
            77.876218,
            40.884635
          ],
          [
            77.87648,
            40.884537
          ],
          [
            77.876617,
            40.884013
          ],
          [
            77.876662,
            40.883367
          ],
          [
            77.87668,
            40.882916
          ],
          [
            77.87679,
            40.882692
          ],
          [
            77.8771,
            40.882466
          ],
          [
            77.877477,
            40.882402
          ],
          [
            77.883366,
            40.882583
          ],
          [
            77.884141,
            40.882773
          ],
          [
            77.889539,
            40.885029
          ],
          [
            77.890655,
            40.885205
          ],
          [
            77.891654,
            40.885277
          ],
          [
            77.896305,
            40.885099
          ],
          [
            77.90022,
            40.885995
          ],
          [
            77.90181,
            40.886788
          ],
          [
            77.903153,
            40.887542
          ],
          [
            77.903719,
            40.888183
          ],
          [
            77.904339,
            40.888721
          ],
          [
            77.906385,
            40.889905
          ],
          [
            77.908078,
            40.889949
          ],
          [
            77.909353,
            40.890164
          ],
          [
            77.91208,
            40.890808
          ],
          [
            77.914402,
            40.891758
          ],
          [
            77.917294,
            40.892173
          ],
          [
            77.918046,
            40.892224
          ],
          [
            77.918817,
            40.892138
          ],
          [
            77.919727,
            40.891917
          ],
          [
            77.920631,
            40.89154
          ],
          [
            77.922442,
            40.891238
          ],
          [
            77.922932,
            40.891039
          ],
          [
            77.923537,
            40.890393
          ],
          [
            77.923694,
            40.890027
          ],
          [
            77.92358,
            40.888536
          ],
          [
            77.923684,
            40.888155
          ],
          [
            77.924778,
            40.887092
          ],
          [
            77.924935,
            40.886725
          ],
          [
            77.924764,
            40.885121
          ],
          [
            77.924864,
            40.884722
          ],
          [
            77.925191,
            40.88441
          ],
          [
            77.928235,
            40.882938
          ],
          [
            77.930914,
            40.881421
          ],
          [
            77.933556,
            40.879488
          ],
          [
            77.934737,
            40.878932
          ],
          [
            77.93577,
            40.87827
          ],
          [
            77.937451,
            40.877516
          ],
          [
            77.938649,
            40.87717
          ],
          [
            77.941261,
            40.876692
          ],
          [
            77.941852,
            40.876644
          ],
          [
            77.942578,
            40.876774
          ],
          [
            77.945876,
            40.877834
          ],
          [
            77.946346,
            40.877985
          ],
          [
            77.946641,
            40.878009
          ],
          [
            77.947407,
            40.877958
          ],
          [
            77.948383,
            40.877602
          ],
          [
            77.949451,
            40.877123
          ],
          [
            77.949893,
            40.876778
          ],
          [
            77.950128,
            40.876477
          ],
          [
            77.950256,
            40.876104
          ],
          [
            77.950926,
            40.869618
          ],
          [
            77.951937,
            40.861136
          ],
          [
            77.952145,
            40.859192
          ],
          [
            77.952303,
            40.857724
          ],
          [
            77.952609,
            40.856887
          ],
          [
            77.953041,
            40.856224
          ],
          [
            77.953639,
            40.855766
          ],
          [
            77.955904,
            40.85452
          ],
          [
            77.957839,
            40.853599
          ],
          [
            77.96142,
            40.851726
          ],
          [
            77.962629,
            40.851211
          ],
          [
            77.963215,
            40.851055
          ],
          [
            77.963001,
            40.849028
          ],
          [
            77.956432,
            40.846236
          ],
          [
            77.954813,
            40.845547
          ],
          [
            77.95276,
            40.844679
          ],
          [
            77.940921,
            40.839651
          ],
          [
            77.939764,
            40.839177
          ],
          [
            77.938344,
            40.838567
          ]
        ]
      }
    },
    {
      "type": "Feature",
      "id": "route_spur_qarachi_somtash",
      "properties": {
        "kind": "spur",
        "label": "Qarachi → Somtash",
        "title": "Qarachi → Somtash",
        "description": "",
        "stroke": "#1a1208",
        "stroke-width": 5,
        "stroke-opacity": 0.9
      },
      "geometry": {
        "type": "LineString",
        "coordinates": [
          [
            77.938344,
            40.838567
          ],
          [
            77.939764,
            40.839177
          ],
          [
            77.940921,
            40.839651
          ],
          [
            77.95276,
            40.844679
          ],
          [
            77.954813,
            40.845547
          ],
          [
            77.956432,
            40.846236
          ],
          [
            77.963001,
            40.849028
          ],
          [
            77.963215,
            40.851055
          ],
          [
            77.963837,
            40.850984
          ],
          [
            77.96579,
            40.850797
          ],
          [
            77.967,
            40.850747
          ],
          [
            77.970233,
            40.850611
          ],
          [
            77.977577,
            40.850188
          ],
          [
            77.983513,
            40.849835
          ],
          [
            77.989359,
            40.849512
          ],
          [
            77.995371,
            40.849191
          ],
          [
            78.001292,
            40.848874
          ],
          [
            78.004679,
            40.848693
          ],
          [
            78.013084,
            40.848244
          ],
          [
            78.019116,
            40.8479
          ],
          [
            78.030868,
            40.847231
          ],
          [
            78.040319,
            40.846711
          ],
          [
            78.041113,
            40.846728
          ],
          [
            78.042535,
            40.846877
          ],
          [
            78.044043,
            40.847236
          ],
          [
            78.044907,
            40.847575
          ],
          [
            78.048791,
            40.849486
          ],
          [
            78.049905,
            40.84988
          ],
          [
            78.050611,
            40.850008
          ],
          [
            78.071416,
            40.852721
          ],
          [
            78.072484,
            40.852809
          ],
          [
            78.074482,
            40.852837
          ],
          [
            78.076878,
            40.852651
          ],
          [
            78.082273,
            40.851606
          ],
          [
            78.082718,
            40.851518
          ],
          [
            78.085657,
            40.850932
          ],
          [
            78.086861,
            40.850728
          ],
          [
            78.087854,
            40.850745
          ],
          [
            78.090766,
            40.851064
          ],
          [
            78.09138,
            40.851165
          ],
          [
            78.093887,
            40.851888
          ],
          [
            78.094345,
            40.851945
          ],
          [
            78.094736,
            40.851917
          ],
          [
            78.095779,
            40.851711
          ],
          [
            78.096838,
            40.851516
          ],
          [
            78.097666,
            40.851458
          ],
          [
            78.105576,
            40.851091
          ],
          [
            78.105975,
            40.851129
          ],
          [
            78.106362,
            40.851273
          ],
          [
            78.106703,
            40.851469
          ],
          [
            78.108568,
            40.852921
          ],
          [
            78.10897,
            40.853086
          ],
          [
            78.10961,
            40.85315
          ],
          [
            78.110134,
            40.853064
          ],
          [
            78.110462,
            40.852925
          ],
          [
            78.112683,
            40.851831
          ],
          [
            78.112851,
            40.851525
          ],
          [
            78.112673,
            40.850713
          ],
          [
            78.11266,
            40.850361
          ],
          [
            78.112746,
            40.850115
          ],
          [
            78.112932,
            40.849954
          ],
          [
            78.113166,
            40.849856
          ],
          [
            78.114968,
            40.84995
          ],
          [
            78.11526,
            40.850007
          ],
          [
            78.115466,
            40.850159
          ],
          [
            78.115521,
            40.850343
          ],
          [
            78.11545,
            40.85053
          ],
          [
            78.114833,
            40.850919
          ],
          [
            78.114614,
            40.851178
          ],
          [
            78.114512,
            40.85182
          ],
          [
            78.11442,
            40.852069
          ],
          [
            78.114028,
            40.852495
          ],
          [
            78.113999,
            40.852609
          ],
          [
            78.114071,
            40.852699
          ],
          [
            78.114253,
            40.852751
          ],
          [
            78.114408,
            40.85273
          ],
          [
            78.114585,
            40.852627
          ],
          [
            78.114861,
            40.852322
          ],
          [
            78.115052,
            40.852067
          ],
          [
            78.115268,
            40.851367
          ],
          [
            78.11536,
            40.85123
          ],
          [
            78.11559,
            40.85115
          ],
          [
            78.116057,
            40.851166
          ],
          [
            78.117169,
            40.851344
          ],
          [
            78.117496,
            40.851356
          ],
          [
            78.117795,
            40.8513
          ],
          [
            78.119746,
            40.85041
          ],
          [
            78.120067,
            40.850369
          ],
          [
            78.122079,
            40.850337
          ],
          [
            78.12416,
            40.849968
          ],
          [
            78.124395,
            40.849963
          ],
          [
            78.124807,
            40.850089
          ],
          [
            78.126183,
            40.850885
          ],
          [
            78.126686,
            40.851128
          ],
          [
            78.127266,
            40.851288
          ],
          [
            78.128631,
            40.851457
          ],
          [
            78.128847,
            40.851541
          ],
          [
            78.129464,
            40.852029
          ],
          [
            78.12966,
            40.852108
          ],
          [
            78.130333,
            40.852028
          ],
          [
            78.130485,
            40.852084
          ],
          [
            78.130614,
            40.852198
          ],
          [
            78.130925,
            40.852789
          ],
          [
            78.131083,
            40.852942
          ],
          [
            78.131373,
            40.853093
          ],
          [
            78.131676,
            40.853155
          ],
          [
            78.133362,
            40.85313
          ],
          [
            78.133843,
            40.853165
          ],
          [
            78.134927,
            40.853365
          ],
          [
            78.135176,
            40.853465
          ],
          [
            78.135303,
            40.853597
          ],
          [
            78.13535,
            40.853785
          ],
          [
            78.135226,
            40.854187
          ],
          [
            78.135245,
            40.854392
          ],
          [
            78.135348,
            40.854572
          ],
          [
            78.135565,
            40.854725
          ],
          [
            78.136421,
            40.855154
          ],
          [
            78.137071,
            40.855661
          ],
          [
            78.138452,
            40.856107
          ],
          [
            78.13883,
            40.856282
          ],
          [
            78.143487,
            40.859052
          ],
          [
            78.143708,
            40.859139
          ],
          [
            78.143956,
            40.859171
          ],
          [
            78.147675,
            40.858995
          ],
          [
            78.147933,
            40.85903
          ],
          [
            78.148198,
            40.859111
          ],
          [
            78.156272,
            40.863299
          ],
          [
            78.157232,
            40.863907
          ],
          [
            78.157792,
            40.864276
          ],
          [
            78.157983,
            40.864398
          ],
          [
            78.160457,
            40.866005
          ],
          [
            78.160851,
            40.866303
          ],
          [
            78.161157,
            40.866594
          ],
          [
            78.16142,
            40.866844
          ],
          [
            78.161526,
            40.866945
          ],
          [
            78.163291,
            40.868626
          ],
          [
            78.164834,
            40.870099
          ],
          [
            78.165766,
            40.870878
          ],
          [
            78.166828,
            40.871687
          ],
          [
            78.167163,
            40.871894
          ],
          [
            78.167274,
            40.871963
          ],
          [
            78.170058,
            40.873503
          ],
          [
            78.174304,
            40.875708
          ],
          [
            78.180242,
            40.878793
          ],
          [
            78.180681,
            40.879069
          ],
          [
            78.181658,
            40.880203
          ],
          [
            78.18182,
            40.880327
          ],
          [
            78.183885,
            40.880929
          ],
          [
            78.184469,
            40.881623
          ],
          [
            78.184736,
            40.881846
          ],
          [
            78.18508,
            40.882093
          ],
          [
            78.185819,
            40.882484
          ],
          [
            78.187248,
            40.882957
          ],
          [
            78.188365,
            40.883381
          ],
          [
            78.191893,
            40.884452
          ],
          [
            78.192244,
            40.884607
          ],
          [
            78.194769,
            40.886317
          ],
          [
            78.194971,
            40.886527
          ],
          [
            78.19504,
            40.886745
          ],
          [
            78.19502,
            40.886919
          ],
          [
            78.194777,
            40.88773
          ],
          [
            78.194752,
            40.888017
          ],
          [
            78.195064,
            40.888666
          ],
          [
            78.19534,
            40.888917
          ],
          [
            78.19559,
            40.889057
          ],
          [
            78.197159,
            40.889522
          ],
          [
            78.19769,
            40.889749
          ],
          [
            78.199019,
            40.890758
          ],
          [
            78.19941,
            40.890915
          ],
          [
            78.20072,
            40.891179
          ],
          [
            78.201655,
            40.89152
          ],
          [
            78.202692,
            40.891832
          ],
          [
            78.203199,
            40.891801
          ],
          [
            78.204139,
            40.891591
          ],
          [
            78.2048,
            40.891513
          ],
          [
            78.205462,
            40.891513
          ],
          [
            78.206119,
            40.891593
          ],
          [
            78.229748,
            40.895512
          ],
          [
            78.230988,
            40.895617
          ],
          [
            78.233127,
            40.895577
          ],
          [
            78.240094,
            40.895163
          ],
          [
            78.240193,
            40.896537
          ]
        ]
      }
    },
    {
      "type": "Feature",
      "id": "route_spur_somtash_akqi",
      "properties": {
        "kind": "spur",
        "label": "Somtash → Akqi",
        "title": "Somtash → Akqi",
        "description": "",
        "stroke": "#1a1208",
        "stroke-width": 5,
        "stroke-opacity": 0.9
      },
      "geometry": {
        "type": "LineString",
        "coordinates": [
          [
            78.240193,
            40.896537
          ],
          [
            78.240094,
            40.895163
          ],
          [
            78.243071,
            40.895012
          ],
          [
            78.243666,
            40.89506
          ],
          [
            78.244327,
            40.895196
          ],
          [
            78.245291,
            40.895527
          ],
          [
            78.249913,
            40.897371
          ],
          [
            78.250557,
            40.897522
          ],
          [
            78.251124,
            40.897572
          ],
          [
            78.261481,
            40.897555
          ],
          [
            78.270112,
            40.896957
          ],
          [
            78.270779,
            40.896945
          ],
          [
            78.271331,
            40.896996
          ],
          [
            78.27187,
            40.897109
          ],
          [
            78.273342,
            40.897564
          ],
          [
            78.273824,
            40.897631
          ],
          [
            78.275491,
            40.897525
          ],
          [
            78.276728,
            40.897569
          ],
          [
            78.27866,
            40.898174
          ],
          [
            78.28057,
            40.898971
          ],
          [
            78.28151,
            40.899187
          ],
          [
            78.283216,
            40.899414
          ],
          [
            78.29063,
            40.900872
          ],
          [
            78.29106,
            40.900927
          ],
          [
            78.292317,
            40.900811
          ],
          [
            78.293068,
            40.900752
          ],
          [
            78.295465,
            40.900958
          ],
          [
            78.295827,
            40.900942
          ],
          [
            78.29823,
            40.900506
          ],
          [
            78.298875,
            40.900467
          ],
          [
            78.301978,
            40.900467
          ],
          [
            78.302419,
            40.9005
          ],
          [
            78.314898,
            40.903174
          ],
          [
            78.316366,
            40.903371
          ],
          [
            78.317015,
            40.903433
          ],
          [
            78.319943,
            40.903711
          ],
          [
            78.321119,
            40.90377
          ],
          [
            78.321232,
            40.903753
          ],
          [
            78.323246,
            40.903464
          ],
          [
            78.323873,
            40.903438
          ],
          [
            78.328361,
            40.903452
          ],
          [
            78.344213,
            40.902671
          ],
          [
            78.344771,
            40.9027
          ],
          [
            78.345526,
            40.902822
          ],
          [
            78.346158,
            40.90301
          ],
          [
            78.349876,
            40.904537
          ],
          [
            78.350543,
            40.904731
          ],
          [
            78.351106,
            40.904819
          ],
          [
            78.351721,
            40.904833
          ],
          [
            78.354006,
            40.904775
          ],
          [
            78.354637,
            40.904822
          ],
          [
            78.355165,
            40.904926
          ],
          [
            78.364568,
            40.908015
          ],
          [
            78.364964,
            40.908071
          ],
          [
            78.365353,
            40.908051
          ],
          [
            78.367441,
            40.907412
          ],
          [
            78.367948,
            40.907293
          ],
          [
            78.368432,
            40.907235
          ],
          [
            78.369092,
            40.907215
          ],
          [
            78.376154,
            40.907551
          ],
          [
            78.376693,
            40.907575
          ],
          [
            78.383943,
            40.907902
          ],
          [
            78.384664,
            40.908018
          ],
          [
            78.385179,
            40.908161
          ],
          [
            78.38611,
            40.908545
          ],
          [
            78.386549,
            40.908813
          ],
          [
            78.38944,
            40.911033
          ],
          [
            78.389831,
            40.911196
          ],
          [
            78.390143,
            40.911272
          ],
          [
            78.390539,
            40.911305
          ],
          [
            78.392793,
            40.911154
          ],
          [
            78.393319,
            40.911186
          ],
          [
            78.397563,
            40.91175
          ],
          [
            78.398366,
            40.911937
          ],
          [
            78.399283,
            40.912214
          ],
          [
            78.400146,
            40.912597
          ],
          [
            78.400797,
            40.912956
          ],
          [
            78.402715,
            40.914225
          ],
          [
            78.402923,
            40.914365
          ],
          [
            78.409295,
            40.918657
          ],
          [
            78.421736,
            40.927021
          ],
          [
            78.422103,
            40.927169
          ],
          [
            78.422911,
            40.927496
          ],
          [
            78.42421,
            40.927993
          ],
          [
            78.430765,
            40.930633
          ],
          [
            78.433316,
            40.931652
          ],
          [
            78.434396,
            40.932087
          ]
        ]
      }
    },
    {
      "type": "Feature",
      "id": "route_spur_akqi_saparbay",
      "properties": {
        "kind": "spur",
        "label": "Akqi → Saparbay",
        "title": "Akqi → Saparbay",
        "description": "",
        "stroke": "#1a1208",
        "stroke-width": 5,
        "stroke-opacity": 0.9
      },
      "geometry": {
        "type": "LineString",
        "coordinates": [
          [
            78.434396,
            40.932087
          ],
          [
            78.435028,
            40.932341
          ],
          [
            78.442008,
            40.934015
          ],
          [
            78.446224,
            40.935222
          ],
          [
            78.449243,
            40.936085
          ],
          [
            78.452285,
            40.936963
          ],
          [
            78.456831,
            40.938162
          ],
          [
            78.458571,
            40.938621
          ],
          [
            78.459216,
            40.938832
          ],
          [
            78.464807,
            40.940382
          ],
          [
            78.473247,
            40.942568
          ],
          [
            78.473323,
            40.942588
          ],
          [
            78.476085,
            40.943324
          ],
          [
            78.47747,
            40.943647
          ],
          [
            78.479348,
            40.943937
          ],
          [
            78.481222,
            40.944125
          ],
          [
            78.481477,
            40.944163
          ],
          [
            78.481823,
            40.944196
          ],
          [
            78.482289,
            40.944231
          ],
          [
            78.483588,
            40.944289
          ],
          [
            78.484339,
            40.94428
          ],
          [
            78.491182,
            40.94395
          ],
          [
            78.495823,
            40.944052
          ],
          [
            78.498574,
            40.943977
          ],
          [
            78.500906,
            40.943692
          ],
          [
            78.502385,
            40.943457
          ],
          [
            78.503881,
            40.943149
          ],
          [
            78.508945,
            40.941947
          ],
          [
            78.519799,
            40.939106
          ],
          [
            78.521769,
            40.93865
          ],
          [
            78.526917,
            40.93774
          ],
          [
            78.527262,
            40.937726
          ],
          [
            78.527808,
            40.937837
          ],
          [
            78.531037,
            40.939052
          ],
          [
            78.531376,
            40.939124
          ],
          [
            78.531791,
            40.93911
          ],
          [
            78.532384,
            40.939009
          ],
          [
            78.532672,
            40.938899
          ],
          [
            78.53534,
            40.937045
          ],
          [
            78.535755,
            40.936841
          ],
          [
            78.536197,
            40.93672
          ],
          [
            78.536635,
            40.936694
          ],
          [
            78.537061,
            40.936752
          ],
          [
            78.537481,
            40.936888
          ],
          [
            78.539047,
            40.937741
          ],
          [
            78.541206,
            40.935858
          ],
          [
            78.542835,
            40.933928
          ],
          [
            78.543163,
            40.933664
          ],
          [
            78.545496,
            40.932183
          ],
          [
            78.545834,
            40.932069
          ],
          [
            78.54619,
            40.932022
          ],
          [
            78.550875,
            40.931895
          ],
          [
            78.551539,
            40.931788
          ],
          [
            78.551802,
            40.931683
          ],
          [
            78.553465,
            40.930612
          ],
          [
            78.558758,
            40.927102
          ],
          [
            78.559102,
            40.926877
          ],
          [
            78.559802,
            40.92643
          ],
          [
            78.560436,
            40.926141
          ],
          [
            78.561043,
            40.925952
          ],
          [
            78.561837,
            40.925826
          ],
          [
            78.567395,
            40.925585
          ],
          [
            78.568101,
            40.925508
          ],
          [
            78.574816,
            40.924197
          ],
          [
            78.575386,
            40.924186
          ],
          [
            78.576476,
            40.924328
          ],
          [
            78.577209,
            40.924434
          ],
          [
            78.577632,
            40.924498
          ],
          [
            78.577932,
            40.924644
          ],
          [
            78.578139,
            40.924869
          ],
          [
            78.578247,
            40.925109
          ],
          [
            78.579643,
            40.931241
          ],
          [
            78.579796,
            40.931654
          ],
          [
            78.581012,
            40.933857
          ],
          [
            78.581291,
            40.934243
          ],
          [
            78.581648,
            40.93458
          ],
          [
            78.583904,
            40.936415
          ],
          [
            78.584191,
            40.936578
          ],
          [
            78.584514,
            40.936698
          ],
          [
            78.588055,
            40.937569
          ],
          [
            78.589199,
            40.937847
          ],
          [
            78.591201,
            40.938333
          ],
          [
            78.592667,
            40.938714
          ],
          [
            78.593899,
            40.939124
          ],
          [
            78.597301,
            40.940451
          ],
          [
            78.603689,
            40.942957
          ],
          [
            78.61535,
            40.94754
          ],
          [
            78.619327,
            40.949096
          ],
          [
            78.621019,
            40.949748
          ],
          [
            78.623269,
            40.950446
          ],
          [
            78.632053,
            40.952908
          ],
          [
            78.633984,
            40.953543
          ],
          [
            78.636838,
            40.954567
          ],
          [
            78.647281,
            40.958338
          ],
          [
            78.648528,
            40.958816
          ],
          [
            78.649702,
            40.959336
          ],
          [
            78.650783,
            40.959931
          ],
          [
            78.651857,
            40.960595
          ],
          [
            78.652897,
            40.961337
          ],
          [
            78.656862,
            40.964421
          ],
          [
            78.660062,
            40.966924
          ],
          [
            78.66048,
            40.967109
          ],
          [
            78.664859,
            40.968138
          ],
          [
            78.670834,
            40.96953
          ],
          [
            78.67298,
            40.96997
          ],
          [
            78.675439,
            40.970457
          ],
          [
            78.679224,
            40.971007
          ],
          [
            78.68186,
            40.971375
          ],
          [
            78.68306,
            40.971617
          ],
          [
            78.692335,
            40.973617
          ],
          [
            78.697698,
            40.974821
          ],
          [
            78.699941,
            40.97532
          ]
        ]
      }
    },
    {
      "type": "Feature",
      "id": "route_spur_saparbay_singing-straights",
      "properties": {
        "kind": "spur",
        "label": "Saparbay → Singing Straights",
        "title": "Saparbay → Singing Straights",
        "description": "",
        "stroke": "#1a1208",
        "stroke-width": 5,
        "stroke-opacity": 0.9
      },
      "geometry": {
        "type": "LineString",
        "coordinates": [
          [
            78.699941,
            40.97532
          ],
          [
            78.702375,
            40.975861
          ],
          [
            78.706016,
            40.976692
          ],
          [
            78.712636,
            40.97888
          ],
          [
            78.717387,
            40.98047
          ],
          [
            78.717534,
            40.980519
          ],
          [
            78.722357,
            40.982267
          ],
          [
            78.723025,
            40.982543
          ],
          [
            78.723542,
            40.982879
          ],
          [
            78.724085,
            40.983272
          ],
          [
            78.724523,
            40.983548
          ],
          [
            78.725461,
            40.984064
          ],
          [
            78.727065,
            40.984923
          ],
          [
            78.727664,
            40.985322
          ],
          [
            78.728063,
            40.98561
          ],
          [
            78.728641,
            40.986058
          ],
          [
            78.728915,
            40.986197
          ],
          [
            78.729172,
            40.986242
          ],
          [
            78.729469,
            40.986215
          ],
          [
            78.730482,
            40.985977
          ],
          [
            78.730721,
            40.985963
          ],
          [
            78.730922,
            40.985987
          ],
          [
            78.733459,
            40.986502
          ],
          [
            78.734264,
            40.986659
          ],
          [
            78.734812,
            40.986809
          ],
          [
            78.74543,
            40.990395
          ],
          [
            78.74652,
            40.990688
          ],
          [
            78.749429,
            40.991292
          ],
          [
            78.750654,
            40.991615
          ],
          [
            78.751977,
            40.992049
          ],
          [
            78.752814,
            40.992309
          ],
          [
            78.753374,
            40.992429
          ],
          [
            78.754373,
            40.992586
          ],
          [
            78.756585,
            40.9931
          ],
          [
            78.75908,
            40.993739
          ],
          [
            78.759698,
            40.994069
          ],
          [
            78.759831,
            40.994246
          ],
          [
            78.764073,
            40.994212
          ],
          [
            78.774665,
            40.995769
          ],
          [
            78.775674,
            40.995996
          ],
          [
            78.791035,
            41.003419
          ],
          [
            78.791933,
            41.003727
          ],
          [
            78.793012,
            41.003997
          ],
          [
            78.793904,
            41.004154
          ],
          [
            78.799224,
            41.004753
          ],
          [
            78.800041,
            41.00481
          ],
          [
            78.803032,
            41.00482
          ],
          [
            78.80367,
            41.004917
          ],
          [
            78.804262,
            41.005126
          ],
          [
            78.807612,
            41.006931
          ],
          [
            78.808143,
            41.00731
          ],
          [
            78.815697,
            41.014063
          ],
          [
            78.815974,
            41.014456
          ],
          [
            78.816988,
            41.01713
          ],
          [
            78.817169,
            41.017335
          ],
          [
            78.817398,
            41.017456
          ],
          [
            78.817683,
            41.017506
          ],
          [
            78.818766,
            41.017291
          ],
          [
            78.819699,
            41.016857
          ],
          [
            78.820626,
            41.016273
          ],
          [
            78.821044,
            41.016168
          ],
          [
            78.821495,
            41.016174
          ],
          [
            78.822971,
            41.016504
          ],
          [
            78.823904,
            41.017388
          ],
          [
            78.82422,
            41.017451
          ],
          [
            78.828358,
            41.017238
          ],
          [
            78.829143,
            41.01733
          ],
          [
            78.831462,
            41.017775
          ],
          [
            78.832235,
            41.018046
          ],
          [
            78.837012,
            41.020496
          ],
          [
            78.837341,
            41.020596
          ],
          [
            78.838757,
            41.020791
          ],
          [
            78.839468,
            41.020965
          ],
          [
            78.84283,
            41.021919
          ],
          [
            78.851148,
            41.024061
          ],
          [
            78.858428,
            41.026056
          ],
          [
            78.858889,
            41.026243
          ],
          [
            78.859364,
            41.026556
          ],
          [
            78.869363,
            41.037077
          ],
          [
            78.870083,
            41.03756
          ],
          [
            78.882193,
            41.044822
          ],
          [
            78.883123,
            41.045139
          ],
          [
            78.883684,
            41.045255
          ],
          [
            78.888259,
            41.045611
          ],
          [
            78.888642,
            41.045678
          ],
          [
            78.888906,
            41.045805
          ],
          [
            78.889134,
            41.045998
          ],
          [
            78.889299,
            41.046244
          ],
          [
            78.891264,
            41.050239
          ],
          [
            78.891552,
            41.050478
          ],
          [
            78.891871,
            41.050577
          ],
          [
            78.892279,
            41.050562
          ],
          [
            78.895368,
            41.05026
          ],
          [
            78.895978,
            41.050267
          ],
          [
            78.896707,
            41.050406
          ],
          [
            78.897242,
            41.050603
          ],
          [
            78.898733,
            41.051434
          ],
          [
            78.904994,
            41.05518
          ],
          [
            78.907315,
            41.057484
          ],
          [
            78.909702,
            41.059918
          ],
          [
            78.910807,
            41.0587
          ],
          [
            78.911391,
            41.059065
          ]
        ]
      }
    },
    {
      "type": "Feature",
      "id": "route_spur_singing-straights_otbeshi",
      "properties": {
        "kind": "spur",
        "label": "Singing Straights → Otbéshi",
        "title": "Singing Straights → Otbéshi",
        "description": "",
        "stroke": "#1a1208",
        "stroke-width": 5,
        "stroke-opacity": 0.9
      },
      "geometry": {
        "type": "LineString",
        "coordinates": [
          [
            78.911391,
            41.059065
          ],
          [
            78.910807,
            41.0587
          ],
          [
            78.909702,
            41.059918
          ],
          [
            78.914491,
            41.064803
          ],
          [
            78.915306,
            41.065488
          ],
          [
            78.915978,
            41.065962
          ],
          [
            78.92929,
            41.074188
          ],
          [
            78.93002,
            41.074861
          ],
          [
            78.936231,
            41.081649
          ],
          [
            78.937167,
            41.082341
          ],
          [
            78.937779,
            41.08265
          ],
          [
            78.949823,
            41.087735
          ],
          [
            78.954267,
            41.089825
          ],
          [
            78.9668,
            41.096074
          ],
          [
            78.974998,
            41.100281
          ],
          [
            78.980518,
            41.103114
          ],
          [
            78.99078,
            41.108306
          ],
          [
            78.991743,
            41.108692
          ],
          [
            78.992856,
            41.10889
          ],
          [
            78.995119,
            41.108981
          ],
          [
            79.000654,
            41.109204
          ],
          [
            79.004687,
            41.110646
          ],
          [
            79.005036,
            41.1109
          ],
          [
            79.005281,
            41.111255
          ],
          [
            79.005633,
            41.112315
          ],
          [
            79.006058,
            41.112348
          ],
          [
            79.007989,
            41.112661
          ],
          [
            79.01021,
            41.113366
          ],
          [
            79.01233,
            41.114418
          ],
          [
            79.013972,
            41.115306
          ],
          [
            79.025069,
            41.122465
          ],
          [
            79.032923,
            41.128478
          ],
          [
            79.035884,
            41.130504
          ],
          [
            79.04893,
            41.138853
          ],
          [
            79.051312,
            41.140615
          ],
          [
            79.0685,
            41.153428
          ],
          [
            79.074851,
            41.157467
          ],
          [
            79.077512,
            41.160262
          ],
          [
            79.08109,
            41.163111
          ],
          [
            79.083246,
            41.164218
          ],
          [
            79.086787,
            41.165623
          ],
          [
            79.091036,
            41.16702
          ],
          [
            79.092634,
            41.16765
          ],
          [
            79.097688,
            41.170202
          ],
          [
            79.098353,
            41.170469
          ],
          [
            79.09978,
            41.170986
          ],
          [
            79.102033,
            41.171495
          ],
          [
            79.106324,
            41.171995
          ],
          [
            79.10876,
            41.172714
          ],
          [
            79.113845,
            41.174394
          ],
          [
            79.117461,
            41.175452
          ],
          [
            79.121205,
            41.176784
          ],
          [
            79.125354,
            41.178621
          ],
          [
            79.126321,
            41.179035
          ],
          [
            79.126965,
            41.179288
          ],
          [
            79.127596,
            41.179506
          ],
          [
            79.130197,
            41.180353
          ],
          [
            79.131452,
            41.180817
          ],
          [
            79.134516,
            41.182091
          ],
          [
            79.135528,
            41.182505
          ],
          [
            79.136018,
            41.182681
          ],
          [
            79.136428,
            41.182793
          ],
          [
            79.136932,
            41.182917
          ],
          [
            79.137658,
            41.183044
          ],
          [
            79.144209,
            41.18389
          ],
          [
            79.144649,
            41.182025
          ],
          [
            79.143978,
            41.181935
          ],
          [
            79.143888,
            41.182263
          ]
        ]
      }
    },
    {
      "type": "Feature",
      "id": "route_spur_otbeshi_uchturpan",
      "properties": {
        "kind": "spur",
        "label": "Otbéshi → Uchturpan",
        "title": "Otbéshi → Uchturpan",
        "description": "",
        "stroke": "#1a1208",
        "stroke-width": 5,
        "stroke-opacity": 0.9
      },
      "geometry": {
        "type": "LineString",
        "coordinates": [
          [
            79.143888,
            41.182263
          ],
          [
            79.143978,
            41.181935
          ],
          [
            79.144649,
            41.182025
          ],
          [
            79.144209,
            41.18389
          ],
          [
            79.14644,
            41.184176
          ],
          [
            79.147163,
            41.184269
          ],
          [
            79.147657,
            41.184333
          ],
          [
            79.14773,
            41.184342
          ],
          [
            79.150987,
            41.184818
          ],
          [
            79.154132,
            41.185316
          ],
          [
            79.158127,
            41.186023
          ],
          [
            79.171418,
            41.188696
          ],
          [
            79.180064,
            41.190794
          ],
          [
            79.186115,
            41.192424
          ],
          [
            79.188818,
            41.193409
          ],
          [
            79.194557,
            41.195886
          ],
          [
            79.197219,
            41.197099
          ],
          [
            79.200929,
            41.19924
          ],
          [
            79.206291,
            41.201894
          ],
          [
            79.208751,
            41.203717
          ],
          [
            79.21134,
            41.205823
          ],
          [
            79.212941,
            41.207309
          ],
          [
            79.213052,
            41.207415
          ],
          [
            79.21519,
            41.209457
          ],
          [
            79.216255,
            41.211848
          ],
          [
            79.216584,
            41.212187
          ],
          [
            79.216985,
            41.212458
          ],
          [
            79.217484,
            41.212698
          ],
          [
            79.2179,
            41.212802
          ],
          [
            79.219616,
            41.213076
          ],
          [
            79.221513,
            41.213356
          ],
          [
            79.223525,
            41.213635
          ],
          [
            79.22584,
            41.213842
          ],
          [
            79.230658,
            41.214407
          ],
          [
            79.231388,
            41.214566
          ]
        ]
      }
    },
    {
      "type": "Feature",
      "id": "route_spur_uchturpan_yakowruk",
      "properties": {
        "kind": "spur",
        "label": "Uchturpan → Yaköwrük",
        "title": "Uchturpan → Yaköwrük",
        "description": "",
        "stroke": "#1a1208",
        "stroke-width": 5,
        "stroke-opacity": 0.9
      },
      "geometry": {
        "type": "LineString",
        "coordinates": [
          [
            79.231388,
            41.214566
          ],
          [
            79.231667,
            41.214627
          ],
          [
            79.234631,
            41.215361
          ],
          [
            79.236242,
            41.21577
          ],
          [
            79.236792,
            41.215909
          ],
          [
            79.237824,
            41.216172
          ],
          [
            79.240671,
            41.216868
          ],
          [
            79.243663,
            41.217646
          ],
          [
            79.245176,
            41.217902
          ],
          [
            79.250698,
            41.218808
          ],
          [
            79.251844,
            41.21897
          ],
          [
            79.255031,
            41.219485
          ],
          [
            79.255782,
            41.219594
          ],
          [
            79.256308,
            41.219642
          ],
          [
            79.256843,
            41.219669
          ],
          [
            79.257427,
            41.219657
          ],
          [
            79.261463,
            41.219402
          ],
          [
            79.261694,
            41.21938
          ],
          [
            79.261818,
            41.219368
          ],
          [
            79.264274,
            41.219132
          ],
          [
            79.267911,
            41.219018
          ],
          [
            79.27551,
            41.219241
          ],
          [
            79.289272,
            41.220669
          ],
          [
            79.298435,
            41.221541
          ],
          [
            79.300924,
            41.221694
          ],
          [
            79.302512,
            41.221783
          ],
          [
            79.303971,
            41.221719
          ],
          [
            79.310623,
            41.220121
          ],
          [
            79.313938,
            41.219523
          ],
          [
            79.317415,
            41.219045
          ],
          [
            79.31842,
            41.218872
          ],
          [
            79.323095,
            41.218068
          ],
          [
            79.328452,
            41.217245
          ],
          [
            79.330535,
            41.216949
          ],
          [
            79.331769,
            41.216901
          ],
          [
            79.343871,
            41.217199
          ],
          [
            79.345298,
            41.217062
          ],
          [
            79.352304,
            41.215093
          ],
          [
            79.353474,
            41.214883
          ],
          [
            79.355984,
            41.214762
          ],
          [
            79.357883,
            41.214601
          ],
          [
            79.361284,
            41.214108
          ],
          [
            79.36816,
            41.212655
          ],
          [
            79.37358,
            41.21184
          ],
          [
            79.376435,
            41.211682
          ],
          [
            79.379266,
            41.211525
          ],
          [
            79.383053,
            41.211364
          ],
          [
            79.385564,
            41.211162
          ],
          [
            79.396904,
            41.2082
          ],
          [
            79.398835,
            41.207845
          ],
          [
            79.407536,
            41.206626
          ],
          [
            79.415958,
            41.205762
          ],
          [
            79.418018,
            41.205835
          ],
          [
            79.425185,
            41.206763
          ],
          [
            79.426752,
            41.206699
          ],
          [
            79.428097,
            41.206562
          ],
          [
            79.430014,
            41.206395
          ]
        ]
      }
    },
    {
      "type": "Feature",
      "id": "route_spur_yakowruk_achatagh",
      "properties": {
        "kind": "spur",
        "label": "Yaköwrük → Achatagh",
        "title": "Yaköwrük → Achatagh",
        "description": "",
        "stroke": "#1a1208",
        "stroke-width": 5,
        "stroke-opacity": 0.9
      },
      "geometry": {
        "type": "LineString",
        "coordinates": [
          [
            79.430014,
            41.206395
          ],
          [
            79.430126,
            41.206385
          ],
          [
            79.430609,
            41.206394
          ],
          [
            79.436257,
            41.207296
          ],
          [
            79.438325,
            41.207493
          ],
          [
            79.441182,
            41.207764
          ],
          [
            79.449958,
            41.20837
          ],
          [
            79.450892,
            41.208555
          ],
          [
            79.451975,
            41.208886
          ],
          [
            79.456138,
            41.210581
          ],
          [
            79.46201,
            41.21305
          ],
          [
            79.46795,
            41.215472
          ],
          [
            79.485224,
            41.22163
          ],
          [
            79.488389,
            41.222768
          ],
          [
            79.49489,
            41.224882
          ],
          [
            79.496393,
            41.225172
          ],
          [
            79.510047,
            41.227957
          ],
          [
            79.5134,
            41.228713
          ],
          [
            79.522056,
            41.230909
          ],
          [
            79.531465,
            41.233451
          ],
          [
            79.534845,
            41.234435
          ],
          [
            79.539834,
            41.236267
          ],
          [
            79.547784,
            41.238332
          ],
          [
            79.54964,
            41.238687
          ],
          [
            79.557515,
            41.24026
          ],
          [
            79.563115,
            41.241341
          ],
          [
            79.564049,
            41.241858
          ],
          [
            79.564233,
            41.242009
          ],
          [
            79.564671,
            41.242318
          ],
          [
            79.565218,
            41.242471
          ],
          [
            79.566204,
            41.24249
          ],
          [
            79.567705,
            41.242592
          ],
          [
            79.569274,
            41.242855
          ]
        ]
      }
    },
    {
      "type": "Feature",
      "id": "route_spur_achatagh_aqyar",
      "properties": {
        "kind": "spur",
        "label": "Achatagh → Aqyar",
        "title": "Achatagh → Aqyar",
        "description": "",
        "stroke": "#1a1208",
        "stroke-width": 5,
        "stroke-opacity": 0.9
      },
      "geometry": {
        "type": "LineString",
        "coordinates": [
          [
            79.569274,
            41.242855
          ],
          [
            79.569565,
            41.242904
          ],
          [
            79.571848,
            41.243338
          ],
          [
            79.575213,
            41.24371
          ],
          [
            79.580303,
            41.244468
          ],
          [
            79.589186,
            41.245645
          ],
          [
            79.593714,
            41.246194
          ],
          [
            79.595409,
            41.246307
          ],
          [
            79.600106,
            41.246259
          ],
          [
            79.607447,
            41.246387
          ],
          [
            79.610558,
            41.246404
          ],
          [
            79.617725,
            41.245548
          ],
          [
            79.623347,
            41.245629
          ],
          [
            79.641774,
            41.241628
          ],
          [
            79.642204,
            41.241515
          ],
          [
            79.642716,
            41.24134
          ],
          [
            79.650296,
            41.238002
          ],
          [
            79.651078,
            41.237699
          ],
          [
            79.652057,
            41.237417
          ],
          [
            79.652774,
            41.237335
          ],
          [
            79.6539,
            41.237247
          ],
          [
            79.654998,
            41.237162
          ],
          [
            79.65512,
            41.237152
          ],
          [
            79.657389,
            41.236969
          ],
          [
            79.657525,
            41.236945
          ],
          [
            79.658173,
            41.236832
          ],
          [
            79.659031,
            41.236561
          ],
          [
            79.661123,
            41.235746
          ],
          [
            79.669867,
            41.233559
          ],
          [
            79.67315,
            41.232737
          ],
          [
            79.674995,
            41.232802
          ],
          [
            79.678944,
            41.232301
          ],
          [
            79.68124,
            41.231123
          ],
          [
            79.68973,
            41.225868
          ],
          [
            79.692634,
            41.224071
          ],
          [
            79.698847,
            41.219434
          ],
          [
            79.701002,
            41.217825
          ],
          [
            79.703086,
            41.216258
          ],
          [
            79.703626,
            41.215852
          ],
          [
            79.704005,
            41.215458
          ],
          [
            79.704273,
            41.214947
          ],
          [
            79.704484,
            41.214138
          ],
          [
            79.70498,
            41.21218
          ],
          [
            79.705701,
            41.211368
          ],
          [
            79.708303,
            41.208413
          ],
          [
            79.706885,
            41.207852
          ],
          [
            79.706267,
            41.207685
          ]
        ]
      }
    },
    {
      "type": "Feature",
      "id": "route_seg_kashgar_artux",
      "properties": {
        "kind": "route",
        "label": "Kashgar → Artux",
        "title": "Kashgar → Artux",
        "description": "",
        "stroke": "#1a1208",
        "stroke-width": 5,
        "stroke-opacity": 0.9
      },
      "geometry": {
        "type": "LineString",
        "coordinates": [
          [
            75.988468,
            39.465393
          ],
          [
            75.988468,
            39.465393
          ],
          [
            75.988532,
            39.465866
          ],
          [
            75.986969,
            39.46583
          ],
          [
            75.98691,
            39.465829
          ],
          [
            75.986748,
            39.465826
          ],
          [
            75.986721,
            39.467075
          ],
          [
            75.986707,
            39.467242
          ],
          [
            75.986639,
            39.468529
          ],
          [
            75.986604,
            39.469524
          ],
          [
            75.986579,
            39.470161
          ],
          [
            75.986473,
            39.472796
          ],
          [
            75.986451,
            39.473154
          ],
          [
            75.986344,
            39.475041
          ],
          [
            75.986331,
            39.475264
          ],
          [
            75.986334,
            39.475552
          ],
          [
            75.986335,
            39.475649
          ],
          [
            75.986336,
            39.475728
          ],
          [
            75.98636,
            39.475837
          ],
          [
            75.986397,
            39.475928
          ],
          [
            75.986503,
            39.476191
          ],
          [
            75.98763,
            39.478191
          ],
          [
            75.988107,
            39.479141
          ],
          [
            75.98814,
            39.479288
          ],
          [
            75.988181,
            39.479433
          ],
          [
            75.988276,
            39.479755
          ],
          [
            75.98839,
            39.480246
          ],
          [
            75.988436,
            39.480466
          ],
          [
            75.988749,
            39.481721
          ],
          [
            75.989096,
            39.482903
          ],
          [
            75.98936,
            39.483407
          ],
          [
            75.989397,
            39.483457
          ],
          [
            75.989815,
            39.484
          ],
          [
            75.990333,
            39.484473
          ],
          [
            75.993608,
            39.486595
          ],
          [
            75.99566,
            39.487924
          ],
          [
            75.997365,
            39.489062
          ],
          [
            75.997877,
            39.489405
          ],
          [
            75.998231,
            39.489644
          ],
          [
            75.998339,
            39.489737
          ],
          [
            75.998643,
            39.490041
          ],
          [
            75.998884,
            39.49033
          ],
          [
            75.999117,
            39.49078
          ],
          [
            75.99934,
            39.49122
          ],
          [
            75.999415,
            39.491628
          ],
          [
            75.999429,
            39.491702
          ],
          [
            75.999442,
            39.492259
          ],
          [
            75.999297,
            39.494498
          ],
          [
            75.99929,
            39.4946
          ],
          [
            75.998987,
            39.497932
          ],
          [
            75.998532,
            39.502787
          ],
          [
            75.998312,
            39.505373
          ],
          [
            75.998118,
            39.507651
          ],
          [
            75.997936,
            39.509787
          ],
          [
            75.99776,
            39.511848
          ],
          [
            75.997225,
            39.51806
          ],
          [
            75.997164,
            39.518441
          ],
          [
            75.997052,
            39.518875
          ],
          [
            75.996908,
            39.519227
          ],
          [
            75.996759,
            39.519585
          ],
          [
            75.996725,
            39.519666
          ],
          [
            75.996687,
            39.519756
          ],
          [
            75.996194,
            39.520681
          ],
          [
            75.995319,
            39.522026
          ],
          [
            75.994811,
            39.523315
          ],
          [
            75.994697,
            39.523694
          ],
          [
            75.993842,
            39.527332
          ],
          [
            75.993396,
            39.529233
          ],
          [
            75.992997,
            39.531169
          ],
          [
            75.992817,
            39.531983
          ],
          [
            75.99262,
            39.532875
          ],
          [
            75.992556,
            39.533168
          ],
          [
            75.992491,
            39.533462
          ],
          [
            75.992471,
            39.533551
          ],
          [
            75.992335,
            39.534109
          ],
          [
            75.992322,
            39.534165
          ],
          [
            75.991707,
            39.537293
          ],
          [
            75.990373,
            39.544173
          ],
          [
            75.990348,
            39.544329
          ],
          [
            75.98968,
            39.547978
          ],
          [
            75.989518,
            39.548796
          ],
          [
            75.989493,
            39.548919
          ],
          [
            75.989439,
            39.549194
          ],
          [
            75.989279,
            39.550218
          ],
          [
            75.988486,
            39.55461
          ],
          [
            75.98848,
            39.554656
          ],
          [
            75.988471,
            39.554713
          ],
          [
            75.988136,
            39.556528
          ],
          [
            75.988044,
            39.557024
          ],
          [
            75.987883,
            39.55847
          ],
          [
            75.987742,
            39.559319
          ],
          [
            75.987483,
            39.560724
          ],
          [
            75.987231,
            39.561598
          ],
          [
            75.986868,
            39.563535
          ],
          [
            75.986593,
            39.56504
          ],
          [
            75.984958,
            39.574015
          ],
          [
            75.984544,
            39.57642
          ],
          [
            75.984464,
            39.576887
          ],
          [
            75.983692,
            39.58094
          ],
          [
            75.98356,
            39.581909
          ],
          [
            75.983066,
            39.584551
          ],
          [
            75.982858,
            39.585469
          ],
          [
            75.982523,
            39.586423
          ],
          [
            75.98226,
            39.587049
          ],
          [
            75.981874,
            39.587855
          ],
          [
            75.981356,
            39.588746
          ],
          [
            75.980595,
            39.589833
          ],
          [
            75.979905,
            39.590647
          ],
          [
            75.979093,
            39.591445
          ],
          [
            75.977926,
            39.592547
          ],
          [
            75.976738,
            39.593595
          ],
          [
            75.975939,
            39.594177
          ],
          [
            75.975077,
            39.594789
          ],
          [
            75.9741,
            39.595342
          ],
          [
            75.970801,
            39.596904
          ],
          [
            75.970083,
            39.597369
          ],
          [
            75.96855,
            39.598488
          ],
          [
            75.965233,
            39.601311
          ],
          [
            75.964582,
            39.601827
          ],
          [
            75.963947,
            39.602226
          ],
          [
            75.95836,
            39.604782
          ],
          [
            75.958067,
            39.604903
          ],
          [
            75.948239,
            39.609185
          ],
          [
            75.946705,
            39.609938
          ],
          [
            75.945611,
            39.610738
          ],
          [
            75.944667,
            39.611775
          ],
          [
            75.943808,
            39.613198
          ],
          [
            75.943471,
            39.614169
          ],
          [
            75.943283,
            39.615062
          ],
          [
            75.943193,
            39.615697
          ],
          [
            75.943171,
            39.615992
          ],
          [
            75.943181,
            39.617002
          ],
          [
            75.943239,
            39.617588
          ],
          [
            75.943294,
            39.617947
          ],
          [
            75.943344,
            39.618243
          ],
          [
            75.943347,
            39.618258
          ],
          [
            75.943492,
            39.618981
          ],
          [
            75.943653,
            39.61957
          ],
          [
            75.943943,
            39.620358
          ],
          [
            75.944608,
            39.621606
          ],
          [
            75.944781,
            39.621855
          ],
          [
            75.945622,
            39.623064
          ],
          [
            75.946821,
            39.624497
          ],
          [
            75.952535,
            39.630476
          ],
          [
            75.95345,
            39.631431
          ],
          [
            75.95567,
            39.633747
          ],
          [
            75.960269,
            39.638563
          ],
          [
            75.962225,
            39.640611
          ],
          [
            75.962809,
            39.641275
          ],
          [
            75.968762,
            39.647517
          ],
          [
            75.97139,
            39.650254
          ],
          [
            75.974015,
            39.652961
          ],
          [
            75.975765,
            39.654498
          ],
          [
            75.977562,
            39.655707
          ],
          [
            75.979079,
            39.656432
          ],
          [
            75.979599,
            39.656647
          ],
          [
            75.981295,
            39.657324
          ],
          [
            75.983232,
            39.657875
          ],
          [
            75.985071,
            39.65835
          ],
          [
            75.988323,
            39.659096
          ],
          [
            76.043166,
            39.671888
          ],
          [
            76.044636,
            39.672163
          ],
          [
            76.045759,
            39.67239
          ],
          [
            76.046242,
            39.672477
          ],
          [
            76.046639,
            39.672526
          ],
          [
            76.047064,
            39.67255
          ],
          [
            76.047363,
            39.672541
          ],
          [
            76.047708,
            39.672508
          ],
          [
            76.047992,
            39.672457
          ],
          [
            76.048412,
            39.672342
          ],
          [
            76.048822,
            39.672198
          ],
          [
            76.049184,
            39.671988
          ],
          [
            76.049469,
            39.671789
          ],
          [
            76.049767,
            39.671541
          ],
          [
            76.050174,
            39.67117
          ],
          [
            76.051438,
            39.669902
          ],
          [
            76.051778,
            39.669549
          ],
          [
            76.052024,
            39.669376
          ],
          [
            76.052429,
            39.668991
          ],
          [
            76.053156,
            39.669522
          ],
          [
            76.052788,
            39.66962
          ],
          [
            76.052569,
            39.669751
          ],
          [
            76.052317,
            39.669982
          ],
          [
            76.050588,
            39.671979
          ],
          [
            76.050435,
            39.672192
          ],
          [
            76.050323,
            39.672399
          ],
          [
            76.050321,
            39.672619
          ],
          [
            76.050401,
            39.672871
          ],
          [
            76.0506,
            39.673099
          ],
          [
            76.050794,
            39.67324
          ],
          [
            76.050989,
            39.673305
          ],
          [
            76.051962,
            39.673575
          ],
          [
            76.054821,
            39.674197
          ],
          [
            76.056366,
            39.67461
          ],
          [
            76.058061,
            39.675171
          ],
          [
            76.059103,
            39.675572
          ],
          [
            76.059764,
            39.675826
          ],
          [
            76.061553,
            39.676514
          ],
          [
            76.067898,
            39.678953
          ],
          [
            76.071194,
            39.680192
          ],
          [
            76.072158,
            39.680554
          ],
          [
            76.072308,
            39.680611
          ],
          [
            76.077566,
            39.682586
          ],
          [
            76.080126,
            39.68355
          ],
          [
            76.080211,
            39.683582
          ],
          [
            76.096315,
            39.689668
          ],
          [
            76.096771,
            39.689869
          ],
          [
            76.097252,
            39.690111
          ],
          [
            76.097646,
            39.690353
          ],
          [
            76.098263,
            39.690748
          ],
          [
            76.104294,
            39.692969
          ],
          [
            76.107749,
            39.694241
          ],
          [
            76.11265,
            39.696126
          ],
          [
            76.114066,
            39.69677
          ],
          [
            76.115504,
            39.69753
          ],
          [
            76.11677,
            39.698306
          ],
          [
            76.129215,
            39.70663
          ],
          [
            76.130148,
            39.707256
          ],
          [
            76.135584,
            39.710913
          ],
          [
            76.136065,
            39.711237
          ],
          [
            76.13865,
            39.712895
          ],
          [
            76.139031,
            39.713108
          ],
          [
            76.139623,
            39.713388
          ],
          [
            76.13997,
            39.713559
          ],
          [
            76.14033,
            39.713724
          ],
          [
            76.140711,
            39.713888
          ],
          [
            76.141066,
            39.714039
          ],
          [
            76.141569,
            39.714258
          ],
          [
            76.14312,
            39.714793
          ],
          [
            76.143979,
            39.715092
          ],
          [
            76.14449,
            39.71525
          ],
          [
            76.146076,
            39.71437
          ],
          [
            76.149432,
            39.712471
          ],
          [
            76.15027,
            39.712024
          ],
          [
            76.150991,
            39.711731
          ],
          [
            76.159156,
            39.708759
          ],
          [
            76.162659,
            39.711945
          ],
          [
            76.163649,
            39.712876
          ],
          [
            76.164126,
            39.713295
          ],
          [
            76.165239,
            39.714271
          ]
        ]
      }
    },
    {
      "type": "Feature",
      "id": "route_seg_artux_hongshiliu",
      "properties": {
        "kind": "route",
        "label": "Artux → Hongshiliu",
        "title": "Artux → Hongshiliu",
        "description": "",
        "stroke": "#1a1208",
        "stroke-width": 5,
        "stroke-opacity": 0.9
      },
      "geometry": {
        "type": "LineString",
        "coordinates": [
          [
            76.165239,
            39.714271
          ],
          [
            76.165711,
            39.714685
          ],
          [
            76.166688,
            39.715536
          ],
          [
            76.167595,
            39.716325
          ],
          [
            76.168898,
            39.717518
          ],
          [
            76.17105,
            39.719488
          ],
          [
            76.172364,
            39.720651
          ],
          [
            76.173649,
            39.721784
          ],
          [
            76.175362,
            39.723291
          ],
          [
            76.175817,
            39.723704
          ],
          [
            76.177186,
            39.724948
          ],
          [
            76.180856,
            39.728045
          ],
          [
            76.181227,
            39.728382
          ],
          [
            76.183724,
            39.730683
          ],
          [
            76.186681,
            39.733341
          ],
          [
            76.187939,
            39.73445
          ],
          [
            76.189121,
            39.735491
          ],
          [
            76.190485,
            39.736714
          ],
          [
            76.190789,
            39.737001
          ],
          [
            76.191007,
            39.737253
          ],
          [
            76.191099,
            39.737405
          ],
          [
            76.191144,
            39.73752
          ],
          [
            76.191184,
            39.737664
          ],
          [
            76.191211,
            39.737869
          ],
          [
            76.191212,
            39.738022
          ],
          [
            76.191185,
            39.738188
          ],
          [
            76.191151,
            39.738307
          ],
          [
            76.191112,
            39.738432
          ],
          [
            76.192015,
            39.738623
          ],
          [
            76.193216,
            39.738821
          ],
          [
            76.196547,
            39.739435
          ],
          [
            76.198212,
            39.739851
          ],
          [
            76.201882,
            39.741013
          ],
          [
            76.206583,
            39.742503
          ],
          [
            76.207206,
            39.742768
          ],
          [
            76.211712,
            39.744241
          ],
          [
            76.248924,
            39.756119
          ],
          [
            76.2689,
            39.762528
          ],
          [
            76.274963,
            39.76446
          ],
          [
            76.291221,
            39.769638
          ],
          [
            76.304489,
            39.773873
          ],
          [
            76.309693,
            39.775264
          ],
          [
            76.316478,
            39.776675
          ],
          [
            76.340057,
            39.781687
          ],
          [
            76.343796,
            39.782451
          ],
          [
            76.347555,
            39.783306
          ],
          [
            76.350065,
            39.783947
          ],
          [
            76.352007,
            39.784523
          ],
          [
            76.356992,
            39.786112
          ],
          [
            76.358882,
            39.786692
          ],
          [
            76.361981,
            39.787463
          ],
          [
            76.376705,
            39.790495
          ],
          [
            76.379773,
            39.791146
          ],
          [
            76.382784,
            39.791889
          ],
          [
            76.385304,
            39.792644
          ],
          [
            76.390002,
            39.794296
          ],
          [
            76.392056,
            39.795018
          ],
          [
            76.394032,
            39.795585
          ],
          [
            76.395438,
            39.795961
          ],
          [
            76.397069,
            39.796355
          ],
          [
            76.398044,
            39.796564
          ],
          [
            76.401838,
            39.797324
          ],
          [
            76.402708,
            39.797499
          ],
          [
            76.403253,
            39.797609
          ],
          [
            76.404965,
            39.797905
          ],
          [
            76.404973,
            39.79773
          ],
          [
            76.403852,
            39.797351
          ],
          [
            76.403731,
            39.797005
          ],
          [
            76.403802,
            39.796785
          ],
          [
            76.4057,
            39.796202
          ],
          [
            76.406641,
            39.795953
          ],
          [
            76.408192,
            39.796197
          ],
          [
            76.40965,
            39.797002
          ],
          [
            76.410129,
            39.797191
          ],
          [
            76.410539,
            39.796809
          ],
          [
            76.410712,
            39.796652
          ],
          [
            76.412843,
            39.796991
          ],
          [
            76.416951,
            39.797835
          ],
          [
            76.418797,
            39.800077
          ],
          [
            76.421221,
            39.80091
          ],
          [
            76.423566,
            39.801715
          ],
          [
            76.424439,
            39.800331
          ],
          [
            76.426225,
            39.800957
          ],
          [
            76.427453,
            39.801375
          ],
          [
            76.428351,
            39.799817
          ],
          [
            76.428868,
            39.798915
          ]
        ]
      }
    },
    {
      "type": "Feature",
      "id": "route_seg_hongshiliu_qarajol",
      "properties": {
        "kind": "route",
        "label": "Hongshiliu → Qarajol",
        "title": "Hongshiliu → Qarajol",
        "description": "",
        "stroke": "#1a1208",
        "stroke-width": 5,
        "stroke-opacity": 0.9
      },
      "geometry": {
        "type": "LineString",
        "coordinates": [
          [
            76.428868,
            39.798915
          ],
          [
            76.428351,
            39.799817
          ],
          [
            76.427453,
            39.801375
          ],
          [
            76.426225,
            39.800957
          ],
          [
            76.424439,
            39.800331
          ],
          [
            76.423566,
            39.801715
          ],
          [
            76.421221,
            39.80091
          ],
          [
            76.418797,
            39.800077
          ],
          [
            76.416951,
            39.797835
          ],
          [
            76.412843,
            39.796991
          ],
          [
            76.410712,
            39.796652
          ],
          [
            76.410539,
            39.796809
          ],
          [
            76.410129,
            39.797191
          ],
          [
            76.40965,
            39.797002
          ],
          [
            76.408192,
            39.796197
          ],
          [
            76.406641,
            39.795953
          ],
          [
            76.4057,
            39.796202
          ],
          [
            76.403802,
            39.796785
          ],
          [
            76.403731,
            39.797005
          ],
          [
            76.403852,
            39.797351
          ],
          [
            76.404973,
            39.79773
          ],
          [
            76.404965,
            39.797905
          ],
          [
            76.406023,
            39.798105
          ],
          [
            76.411054,
            39.799361
          ],
          [
            76.417243,
            39.801585
          ],
          [
            76.418496,
            39.802133
          ],
          [
            76.419905,
            39.802827
          ],
          [
            76.421373,
            39.803437
          ],
          [
            76.428685,
            39.805921
          ],
          [
            76.435137,
            39.808103
          ],
          [
            76.438159,
            39.809067
          ],
          [
            76.442472,
            39.810238
          ],
          [
            76.456749,
            39.81494
          ],
          [
            76.468474,
            39.818808
          ],
          [
            76.470783,
            39.819385
          ],
          [
            76.473758,
            39.820067
          ],
          [
            76.474999,
            39.820331
          ],
          [
            76.476257,
            39.820538
          ],
          [
            76.477526,
            39.820651
          ],
          [
            76.478383,
            39.820668
          ],
          [
            76.479836,
            39.820582
          ],
          [
            76.481386,
            39.820371
          ],
          [
            76.491071,
            39.818789
          ],
          [
            76.512164,
            39.815345
          ],
          [
            76.538385,
            39.811099
          ],
          [
            76.538809,
            39.811031
          ],
          [
            76.539294,
            39.810993
          ],
          [
            76.539703,
            39.810984
          ],
          [
            76.540254,
            39.811004
          ],
          [
            76.540568,
            39.811038
          ],
          [
            76.54094,
            39.811093
          ],
          [
            76.542433,
            39.811388
          ],
          [
            76.546221,
            39.812183
          ],
          [
            76.546669,
            39.812277
          ],
          [
            76.557341,
            39.814514
          ],
          [
            76.56516,
            39.816147
          ],
          [
            76.581617,
            39.81959
          ],
          [
            76.588521,
            39.820929
          ],
          [
            76.594738,
            39.822331
          ],
          [
            76.595864,
            39.822594
          ],
          [
            76.596718,
            39.822849
          ],
          [
            76.597521,
            39.823137
          ],
          [
            76.598122,
            39.823408
          ],
          [
            76.599386,
            39.824009
          ],
          [
            76.616404,
            39.832307
          ],
          [
            76.617296,
            39.83275
          ],
          [
            76.617854,
            39.833027
          ],
          [
            76.617808,
            39.833447
          ],
          [
            76.617794,
            39.833569
          ],
          [
            76.617664,
            39.834741
          ],
          [
            76.616248,
            39.847888
          ],
          [
            76.614027,
            39.86735
          ],
          [
            76.613796,
            39.868602
          ],
          [
            76.613657,
            39.870594
          ],
          [
            76.613764,
            39.87316
          ],
          [
            76.61372,
            39.873805
          ],
          [
            76.613588,
            39.874376
          ],
          [
            76.613466,
            39.87474
          ],
          [
            76.613292,
            39.87512
          ],
          [
            76.612747,
            39.876077
          ],
          [
            76.612449,
            39.876591
          ],
          [
            76.612186,
            39.877226
          ],
          [
            76.611847,
            39.878497
          ],
          [
            76.611775,
            39.87995
          ],
          [
            76.611887,
            39.88098
          ],
          [
            76.612088,
            39.88177
          ],
          [
            76.612575,
            39.883168
          ],
          [
            76.612707,
            39.884025
          ],
          [
            76.612685,
            39.88446
          ],
          [
            76.612617,
            39.884933
          ],
          [
            76.612525,
            39.885306
          ],
          [
            76.612388,
            39.885707
          ],
          [
            76.612102,
            39.886271
          ],
          [
            76.611194,
            39.887461
          ],
          [
            76.610831,
            39.888092
          ],
          [
            76.610626,
            39.888779
          ],
          [
            76.610599,
            39.889393
          ],
          [
            76.610655,
            39.889879
          ],
          [
            76.610825,
            39.890554
          ],
          [
            76.611178,
            39.891946
          ],
          [
            76.611563,
            39.893424
          ],
          [
            76.611623,
            39.893981
          ],
          [
            76.611629,
            39.894363
          ],
          [
            76.611615,
            39.894719
          ],
          [
            76.611575,
            39.895104
          ],
          [
            76.611454,
            39.895578
          ],
          [
            76.60837,
            39.903949
          ],
          [
            76.607898,
            39.905012
          ],
          [
            76.60759,
            39.905553
          ],
          [
            76.60731,
            39.905964
          ],
          [
            76.60694,
            39.906417
          ],
          [
            76.606568,
            39.906757
          ],
          [
            76.604603,
            39.908471
          ],
          [
            76.603153,
            39.909732
          ],
          [
            76.60208,
            39.910907
          ],
          [
            76.601062,
            39.912103
          ],
          [
            76.600462,
            39.912845
          ],
          [
            76.599995,
            39.913542
          ],
          [
            76.599053,
            39.915096
          ],
          [
            76.598334,
            39.916516
          ],
          [
            76.59769,
            39.918137
          ],
          [
            76.597182,
            39.919792
          ],
          [
            76.596809,
            39.921404
          ],
          [
            76.59669,
            39.921947
          ],
          [
            76.595998,
            39.925547
          ],
          [
            76.595635,
            39.927145
          ],
          [
            76.595353,
            39.928117
          ],
          [
            76.595144,
            39.928636
          ],
          [
            76.59309,
            39.932409
          ],
          [
            76.592809,
            39.933019
          ],
          [
            76.592634,
            39.933447
          ],
          [
            76.592558,
            39.933635
          ],
          [
            76.591643,
            39.935978
          ],
          [
            76.591346,
            39.936599
          ],
          [
            76.59038,
            39.938233
          ],
          [
            76.590059,
            39.938961
          ],
          [
            76.589878,
            39.939396
          ],
          [
            76.589721,
            39.939877
          ],
          [
            76.589646,
            39.940204
          ],
          [
            76.589496,
            39.941045
          ],
          [
            76.589387,
            39.943617
          ],
          [
            76.589272,
            39.944241
          ],
          [
            76.58906,
            39.944931
          ],
          [
            76.588237,
            39.947574
          ],
          [
            76.587918,
            39.948624
          ],
          [
            76.58765,
            39.949536
          ],
          [
            76.58757,
            39.949942
          ],
          [
            76.587545,
            39.950325
          ],
          [
            76.587599,
            39.950831
          ],
          [
            76.587801,
            39.951439
          ],
          [
            76.587943,
            39.951747
          ],
          [
            76.588104,
            39.952033
          ],
          [
            76.588288,
            39.952297
          ],
          [
            76.588521,
            39.952588
          ],
          [
            76.588892,
            39.952913
          ],
          [
            76.589255,
            39.95318
          ],
          [
            76.589561,
            39.953369
          ],
          [
            76.590027,
            39.953613
          ],
          [
            76.590689,
            39.953855
          ],
          [
            76.591514,
            39.95406
          ],
          [
            76.592068,
            39.954114
          ],
          [
            76.592623,
            39.954139
          ],
          [
            76.593998,
            39.954047
          ],
          [
            76.594923,
            39.953996
          ],
          [
            76.595755,
            39.954006
          ],
          [
            76.596427,
            39.954055
          ],
          [
            76.5972,
            39.954177
          ],
          [
            76.597827,
            39.954295
          ],
          [
            76.598563,
            39.954488
          ],
          [
            76.600653,
            39.955029
          ],
          [
            76.604845,
            39.956129
          ],
          [
            76.606267,
            39.956444
          ],
          [
            76.606935,
            39.956543
          ],
          [
            76.610277,
            39.956974
          ],
          [
            76.612879,
            39.957251
          ],
          [
            76.614858,
            39.95749
          ],
          [
            76.615958,
            39.957693
          ],
          [
            76.616485,
            39.957843
          ],
          [
            76.617038,
            39.958021
          ],
          [
            76.617651,
            39.958269
          ],
          [
            76.618451,
            39.958658
          ],
          [
            76.619243,
            39.959124
          ],
          [
            76.619983,
            39.959725
          ],
          [
            76.620413,
            39.960157
          ],
          [
            76.620893,
            39.960706
          ],
          [
            76.621275,
            39.961222
          ],
          [
            76.621614,
            39.961824
          ],
          [
            76.621878,
            39.962469
          ],
          [
            76.622079,
            39.963029
          ],
          [
            76.622389,
            39.963917
          ],
          [
            76.622702,
            39.964769
          ],
          [
            76.625649,
            39.972902
          ],
          [
            76.626019,
            39.974076
          ],
          [
            76.626106,
            39.974693
          ],
          [
            76.626147,
            39.975209
          ],
          [
            76.626152,
            39.975738
          ],
          [
            76.626102,
            39.976214
          ],
          [
            76.62603,
            39.976767
          ],
          [
            76.625807,
            39.977543
          ],
          [
            76.625777,
            39.977646
          ],
          [
            76.625481,
            39.978289
          ],
          [
            76.625009,
            39.979091
          ],
          [
            76.624502,
            39.979815
          ],
          [
            76.622582,
            39.982158
          ],
          [
            76.622227,
            39.982707
          ],
          [
            76.621824,
            39.983515
          ],
          [
            76.621602,
            39.984172
          ],
          [
            76.621501,
            39.984814
          ],
          [
            76.621444,
            39.985422
          ],
          [
            76.621426,
            39.986135
          ],
          [
            76.621481,
            39.98675
          ],
          [
            76.621621,
            39.987281
          ],
          [
            76.621782,
            39.987737
          ],
          [
            76.62194,
            39.988191
          ],
          [
            76.622359,
            39.989017
          ],
          [
            76.622681,
            39.989574
          ],
          [
            76.6232,
            39.990201
          ],
          [
            76.623413,
            39.990491
          ],
          [
            76.62348,
            39.990626
          ],
          [
            76.623493,
            39.990771
          ],
          [
            76.623599,
            39.99115
          ],
          [
            76.623787,
            39.991523
          ],
          [
            76.623988,
            39.991826
          ],
          [
            76.624344,
            39.992175
          ],
          [
            76.624641,
            39.992526
          ],
          [
            76.626069,
            39.995209
          ],
          [
            76.626357,
            39.995618
          ],
          [
            76.626871,
            39.996309
          ],
          [
            76.627472,
            39.996912
          ],
          [
            76.628035,
            39.997379
          ],
          [
            76.62862,
            39.997736
          ],
          [
            76.629278,
            39.998058
          ],
          [
            76.630037,
            39.99837
          ],
          [
            76.630633,
            39.998566
          ],
          [
            76.63124,
            39.998727
          ],
          [
            76.631933,
            39.998873
          ],
          [
            76.633151,
            39.999045
          ],
          [
            76.633891,
            39.999179
          ],
          [
            76.634692,
            39.999367
          ],
          [
            76.635407,
            39.999594
          ],
          [
            76.636128,
            39.999876
          ],
          [
            76.636742,
            40.000152
          ],
          [
            76.637255,
            40.000436
          ],
          [
            76.63755,
            40.0006
          ],
          [
            76.638258,
            40.001059
          ],
          [
            76.638727,
            40.001418
          ],
          [
            76.63908,
            40.001717
          ],
          [
            76.639369,
            40.001993
          ],
          [
            76.639694,
            40.002347
          ],
          [
            76.640192,
            40.002973
          ],
          [
            76.640548,
            40.003482
          ],
          [
            76.640899,
            40.004089
          ],
          [
            76.643483,
            40.00871
          ],
          [
            76.643915,
            40.009477
          ],
          [
            76.644144,
            40.009983
          ],
          [
            76.644304,
            40.010509
          ],
          [
            76.64441,
            40.011085
          ],
          [
            76.644422,
            40.011535
          ],
          [
            76.644414,
            40.011903
          ],
          [
            76.644363,
            40.012214
          ],
          [
            76.643884,
            40.014269
          ],
          [
            76.643357,
            40.016382
          ],
          [
            76.643316,
            40.016804
          ],
          [
            76.643299,
            40.017151
          ],
          [
            76.64335,
            40.017811
          ],
          [
            76.643445,
            40.018382
          ],
          [
            76.643579,
            40.018833
          ],
          [
            76.643767,
            40.019306
          ],
          [
            76.644882,
            40.021445
          ],
          [
            76.645722,
            40.022934
          ],
          [
            76.646195,
            40.023821
          ],
          [
            76.646455,
            40.024521
          ],
          [
            76.646573,
            40.025007
          ],
          [
            76.646635,
            40.025495
          ],
          [
            76.646666,
            40.025936
          ],
          [
            76.646651,
            40.02634
          ],
          [
            76.646287,
            40.0299
          ],
          [
            76.645959,
            40.032868
          ],
          [
            76.645933,
            40.03324
          ],
          [
            76.6458,
            40.034657
          ],
          [
            76.645753,
            40.03553
          ],
          [
            76.645787,
            40.037357
          ],
          [
            76.646044,
            40.041363
          ],
          [
            76.646051,
            40.041942
          ],
          [
            76.646024,
            40.04244
          ],
          [
            76.64598,
            40.042817
          ],
          [
            76.645922,
            40.043114
          ],
          [
            76.645808,
            40.043457
          ],
          [
            76.64567,
            40.043812
          ],
          [
            76.643587,
            40.048927
          ],
          [
            76.643296,
            40.049586
          ],
          [
            76.642993,
            40.050199
          ],
          [
            76.642765,
            40.050588
          ],
          [
            76.642458,
            40.050993
          ],
          [
            76.641854,
            40.051723
          ],
          [
            76.641254,
            40.052402
          ],
          [
            76.640993,
            40.052752
          ],
          [
            76.640781,
            40.053084
          ],
          [
            76.640535,
            40.053543
          ],
          [
            76.64035,
            40.053988
          ],
          [
            76.640214,
            40.054524
          ],
          [
            76.640114,
            40.055098
          ],
          [
            76.640132,
            40.055786
          ],
          [
            76.640238,
            40.056482
          ],
          [
            76.640458,
            40.057116
          ],
          [
            76.640777,
            40.057752
          ],
          [
            76.6412,
            40.058349
          ],
          [
            76.641737,
            40.05892
          ],
          [
            76.64221,
            40.059329
          ],
          [
            76.642809,
            40.059748
          ],
          [
            76.643409,
            40.060092
          ],
          [
            76.64404,
            40.060372
          ],
          [
            76.644862,
            40.060644
          ],
          [
            76.64572,
            40.060876
          ],
          [
            76.646771,
            40.061098
          ],
          [
            76.647844,
            40.061356
          ],
          [
            76.64889,
            40.061683
          ],
          [
            76.650303,
            40.062182
          ],
          [
            76.651684,
            40.06271
          ],
          [
            76.65297,
            40.06319
          ],
          [
            76.654661,
            40.063843
          ],
          [
            76.65648,
            40.064501
          ],
          [
            76.656823,
            40.064632
          ],
          [
            76.657854,
            40.065042
          ],
          [
            76.658843,
            40.065406
          ],
          [
            76.659507,
            40.06564
          ],
          [
            76.660013,
            40.06578
          ],
          [
            76.660532,
            40.065886
          ],
          [
            76.661051,
            40.065971
          ],
          [
            76.661944,
            40.066026
          ],
          [
            76.662589,
            40.066001
          ],
          [
            76.663235,
            40.065975
          ],
          [
            76.67274,
            40.065281
          ],
          [
            76.674081,
            40.065224
          ],
          [
            76.675415,
            40.06525
          ],
          [
            76.67679,
            40.06533
          ],
          [
            76.69115,
            40.066947
          ],
          [
            76.693039,
            40.067239
          ],
          [
            76.693911,
            40.067413
          ],
          [
            76.694849,
            40.06764
          ],
          [
            76.701434,
            40.069239
          ],
          [
            76.702161,
            40.069421
          ],
          [
            76.70277,
            40.069612
          ],
          [
            76.703252,
            40.069795
          ],
          [
            76.703731,
            40.070006
          ],
          [
            76.705581,
            40.071102
          ],
          [
            76.729143,
            40.085541
          ],
          [
            76.730683,
            40.086544
          ],
          [
            76.732597,
            40.087845
          ],
          [
            76.734132,
            40.088875
          ],
          [
            76.735163,
            40.089587
          ],
          [
            76.736854,
            40.090748
          ],
          [
            76.738707,
            40.092
          ],
          [
            76.739266,
            40.092444
          ],
          [
            76.739563,
            40.092696
          ],
          [
            76.739907,
            40.09299
          ],
          [
            76.740046,
            40.093115
          ],
          [
            76.740243,
            40.093308
          ],
          [
            76.740775,
            40.093895
          ],
          [
            76.741562,
            40.094926
          ],
          [
            76.741973,
            40.095683
          ],
          [
            76.742284,
            40.09639
          ],
          [
            76.742515,
            40.09708
          ],
          [
            76.742659,
            40.097659
          ],
          [
            76.742796,
            40.098399
          ],
          [
            76.742825,
            40.098984
          ],
          [
            76.742839,
            40.099398
          ],
          [
            76.742796,
            40.099989
          ],
          [
            76.742717,
            40.10063
          ],
          [
            76.742637,
            40.101038
          ],
          [
            76.7425,
            40.101601
          ],
          [
            76.738235,
            40.117173
          ],
          [
            76.737953,
            40.118112
          ],
          [
            76.73778,
            40.11863
          ],
          [
            76.737455,
            40.119442
          ],
          [
            76.737094,
            40.120176
          ],
          [
            76.73669,
            40.120871
          ],
          [
            76.736336,
            40.121407
          ],
          [
            76.735016,
            40.123123
          ],
          [
            76.734561,
            40.123752
          ],
          [
            76.734222,
            40.124238
          ],
          [
            76.733911,
            40.124894
          ],
          [
            76.733601,
            40.125557
          ],
          [
            76.733413,
            40.126224
          ],
          [
            76.73332,
            40.126804
          ],
          [
            76.733262,
            40.127334
          ],
          [
            76.733262,
            40.128013
          ],
          [
            76.733493,
            40.131859
          ],
          [
            76.733933,
            40.138331
          ],
          [
            76.734027,
            40.139126
          ],
          [
            76.734121,
            40.139623
          ],
          [
            76.734265,
            40.14013
          ],
          [
            76.734474,
            40.14072
          ],
          [
            76.734662,
            40.141217
          ],
          [
            76.734987,
            40.141841
          ],
          [
            76.735413,
            40.142569
          ],
          [
            76.735665,
            40.142922
          ],
          [
            76.736163,
            40.143556
          ],
          [
            76.736842,
            40.144323
          ],
          [
            76.740847,
            40.148036
          ],
          [
            76.741396,
            40.148649
          ],
          [
            76.741757,
            40.149162
          ],
          [
            76.74219,
            40.14984
          ],
          [
            76.742572,
            40.150613
          ],
          [
            76.742767,
            40.15112
          ],
          [
            76.742868,
            40.151567
          ],
          [
            76.742984,
            40.152212
          ],
          [
            76.743005,
            40.152885
          ],
          [
            76.742969,
            40.153873
          ],
          [
            76.742803,
            40.156907
          ],
          [
            76.742789,
            40.157955
          ],
          [
            76.742847,
            40.158716
          ],
          [
            76.743013,
            40.159637
          ],
          [
            76.743179,
            40.160349
          ],
          [
            76.743388,
            40.160961
          ],
          [
            76.743648,
            40.161568
          ],
          [
            76.743944,
            40.162186
          ],
          [
            76.744305,
            40.162792
          ],
          [
            76.744738,
            40.163476
          ],
          [
            76.74538,
            40.164298
          ],
          [
            76.745921,
            40.164905
          ],
          [
            76.746506,
            40.16549
          ],
          [
            76.747264,
            40.16608
          ],
          [
            76.747957,
            40.166609
          ],
          [
            76.748765,
            40.167128
          ],
          [
            76.749436,
            40.167514
          ],
          [
            76.750208,
            40.167927
          ],
          [
            76.750973,
            40.168264
          ],
          [
            76.751739,
            40.168551
          ],
          [
            76.755599,
            40.16997
          ],
          [
            76.755987,
            40.170113
          ],
          [
            76.756291,
            40.170223
          ],
          [
            76.756365,
            40.17025
          ],
          [
            76.757217,
            40.170558
          ],
          [
            76.758689,
            40.171076
          ],
          [
            76.759671,
            40.17138
          ],
          [
            76.760775,
            40.171711
          ],
          [
            76.761691,
            40.171975
          ],
          [
            76.764203,
            40.172538
          ],
          [
            76.765156,
            40.17277
          ],
          [
            76.766152,
            40.17304
          ],
          [
            76.767105,
            40.173321
          ],
          [
            76.767898,
            40.173597
          ],
          [
            76.76883,
            40.173933
          ],
          [
            76.769696,
            40.174264
          ],
          [
            76.771478,
            40.175003
          ],
          [
            76.77272,
            40.175483
          ],
          [
            76.773817,
            40.175836
          ],
          [
            76.775,
            40.176172
          ],
          [
            76.776047,
            40.176453
          ],
          [
            76.777029,
            40.176668
          ],
          [
            76.77809,
            40.176884
          ],
          [
            76.779194,
            40.177066
          ],
          [
            76.79723,
            40.179817
          ],
          [
            76.797891,
            40.179941
          ],
          [
            76.798551,
            40.180087
          ],
          [
            76.799215,
            40.180258
          ],
          [
            76.800023,
            40.180484
          ],
          [
            76.800817,
            40.180738
          ],
          [
            76.801618,
            40.18103
          ],
          [
            76.802809,
            40.181532
          ],
          [
            76.803611,
            40.181929
          ],
          [
            76.804048,
            40.182173
          ],
          [
            76.804354,
            40.182343
          ],
          [
            76.804612,
            40.182128
          ],
          [
            76.805707,
            40.181214
          ],
          [
            76.805852,
            40.181052
          ],
          [
            76.805968,
            40.180871
          ],
          [
            76.80618,
            40.180015
          ],
          [
            76.807069,
            40.176431
          ],
          [
            76.807168,
            40.176221
          ],
          [
            76.807299,
            40.176078
          ],
          [
            76.807768,
            40.175692
          ],
          [
            76.808074,
            40.175442
          ],
          [
            76.808253,
            40.175247
          ],
          [
            76.809213,
            40.173832
          ],
          [
            76.809335,
            40.17359
          ],
          [
            76.809369,
            40.173417
          ],
          [
            76.809369,
            40.17327
          ],
          [
            76.809299,
            40.170572
          ],
          [
            76.809206,
            40.170084
          ],
          [
            76.808423,
            40.169265
          ],
          [
            76.808414,
            40.164162
          ],
          [
            76.812813,
            40.164416
          ],
          [
            76.817454,
            40.164647
          ],
          [
            76.8239,
            40.16501
          ],
          [
            76.824391,
            40.165051
          ],
          [
            76.824898,
            40.165116
          ],
          [
            76.825397,
            40.165221
          ],
          [
            76.825867,
            40.165352
          ],
          [
            76.826231,
            40.165477
          ],
          [
            76.826516,
            40.165595
          ],
          [
            76.826763,
            40.165709
          ],
          [
            76.827104,
            40.165887
          ],
          [
            76.827478,
            40.166119
          ],
          [
            76.829289,
            40.167316
          ],
          [
            76.826101,
            40.172558
          ],
          [
            76.830144,
            40.173968
          ]
        ]
      }
    },
    {
      "type": "Feature",
      "id": "route_seg_qarajol_qarabulaq",
      "properties": {
        "kind": "route",
        "label": "Qarajol → Qarabulaq",
        "title": "Qarajol → Qarabulaq",
        "description": "",
        "stroke": "#1a1208",
        "stroke-width": 5,
        "stroke-opacity": 0.9
      },
      "geometry": {
        "type": "LineString",
        "coordinates": [
          [
            76.830144,
            40.173968
          ],
          [
            76.831972,
            40.174606
          ],
          [
            76.835338,
            40.175821
          ],
          [
            76.836729,
            40.174718
          ],
          [
            76.838418,
            40.173378
          ],
          [
            76.841546,
            40.175474
          ],
          [
            76.843676,
            40.176884
          ],
          [
            76.846349,
            40.178622
          ],
          [
            76.865347,
            40.191138
          ],
          [
            76.869872,
            40.193991
          ],
          [
            76.871576,
            40.194926
          ],
          [
            76.874124,
            40.196155
          ],
          [
            76.876893,
            40.197423
          ],
          [
            76.879704,
            40.198497
          ],
          [
            76.882811,
            40.199444
          ],
          [
            76.89178,
            40.201893
          ],
          [
            76.892121,
            40.202052
          ],
          [
            76.89238,
            40.202264
          ],
          [
            76.892587,
            40.20243
          ],
          [
            76.892741,
            40.202639
          ],
          [
            76.892947,
            40.203036
          ],
          [
            76.893392,
            40.204826
          ],
          [
            76.895097,
            40.2046
          ],
          [
            76.896873,
            40.204427
          ],
          [
            76.897505,
            40.204394
          ],
          [
            76.89816,
            40.204386
          ],
          [
            76.899445,
            40.20442
          ],
          [
            76.900072,
            40.204469
          ],
          [
            76.900696,
            40.204528
          ],
          [
            76.901485,
            40.204622
          ],
          [
            76.902205,
            40.204736
          ],
          [
            76.902733,
            40.204838
          ],
          [
            76.903492,
            40.205007
          ],
          [
            76.904458,
            40.205241
          ],
          [
            76.90629,
            40.205727
          ],
          [
            76.906983,
            40.205912
          ],
          [
            76.911128,
            40.207003
          ],
          [
            76.913937,
            40.207738
          ],
          [
            76.916001,
            40.208287
          ],
          [
            76.916757,
            40.208489
          ],
          [
            76.922657,
            40.210043
          ],
          [
            76.927128,
            40.211222
          ],
          [
            76.933646,
            40.212937
          ],
          [
            76.937878,
            40.214067
          ],
          [
            76.945789,
            40.216129
          ],
          [
            76.946805,
            40.216386
          ],
          [
            76.948195,
            40.216656
          ],
          [
            76.950061,
            40.216912
          ],
          [
            76.957398,
            40.217896
          ],
          [
            76.960206,
            40.218274
          ],
          [
            76.967097,
            40.219188
          ],
          [
            76.973537,
            40.220049
          ],
          [
            76.982182,
            40.221202
          ],
          [
            77.024739,
            40.226877
          ],
          [
            77.032959,
            40.22797
          ],
          [
            77.036895,
            40.228493
          ],
          [
            77.041715,
            40.229123
          ],
          [
            77.056952,
            40.23109
          ],
          [
            77.075107,
            40.233422
          ],
          [
            77.103567,
            40.237071
          ],
          [
            77.121311,
            40.23932
          ],
          [
            77.122714,
            40.239466
          ],
          [
            77.123776,
            40.239557
          ],
          [
            77.124836,
            40.239625
          ],
          [
            77.129976,
            40.239933
          ],
          [
            77.132197,
            40.240076
          ],
          [
            77.132918,
            40.240155
          ],
          [
            77.133615,
            40.240266
          ],
          [
            77.134187,
            40.240376
          ],
          [
            77.134708,
            40.240507
          ],
          [
            77.135162,
            40.240637
          ],
          [
            77.135717,
            40.24082
          ],
          [
            77.136018,
            40.240921
          ],
          [
            77.140539,
            40.242682
          ],
          [
            77.152379,
            40.247256
          ],
          [
            77.157327,
            40.249171
          ],
          [
            77.162499,
            40.251181
          ],
          [
            77.16442,
            40.251935
          ],
          [
            77.168272,
            40.253422
          ],
          [
            77.176668,
            40.25667
          ],
          [
            77.197901,
            40.26488
          ],
          [
            77.198514,
            40.265119
          ],
          [
            77.199834,
            40.26564
          ],
          [
            77.200878,
            40.266015
          ],
          [
            77.202523,
            40.266583
          ],
          [
            77.203698,
            40.266958
          ],
          [
            77.206288,
            40.267755
          ],
          [
            77.207888,
            40.268241
          ],
          [
            77.211063,
            40.269226
          ],
          [
            77.212528,
            40.269685
          ],
          [
            77.215769,
            40.270681
          ],
          [
            77.217524,
            40.27122
          ],
          [
            77.220568,
            40.272164
          ],
          [
            77.222767,
            40.272838
          ],
          [
            77.224925,
            40.273494
          ],
          [
            77.226246,
            40.273872
          ],
          [
            77.227997,
            40.274322
          ],
          [
            77.229354,
            40.274625
          ],
          [
            77.239192,
            40.276477
          ],
          [
            77.239935,
            40.276617
          ],
          [
            77.242348,
            40.277066
          ],
          [
            77.245929,
            40.277748
          ],
          [
            77.24764,
            40.278064
          ],
          [
            77.248446,
            40.278223
          ],
          [
            77.249043,
            40.278377
          ],
          [
            77.249766,
            40.278605
          ],
          [
            77.250034,
            40.278721
          ],
          [
            77.25042,
            40.278889
          ],
          [
            77.251449,
            40.279462
          ],
          [
            77.252295,
            40.280156
          ],
          [
            77.252965,
            40.280977
          ],
          [
            77.259404,
            40.295065
          ],
          [
            77.27964,
            40.339884
          ],
          [
            77.284646,
            40.351099
          ],
          [
            77.285192,
            40.352526
          ],
          [
            77.285441,
            40.353575
          ],
          [
            77.285622,
            40.354544
          ],
          [
            77.28581,
            40.357507
          ],
          [
            77.286088,
            40.36599
          ],
          [
            77.286208,
            40.369535
          ],
          [
            77.286359,
            40.374535
          ],
          [
            77.286809,
            40.388919
          ],
          [
            77.287486,
            40.407988
          ],
          [
            77.287698,
            40.414522
          ],
          [
            77.287916,
            40.420964
          ],
          [
            77.287972,
            40.422989
          ],
          [
            77.288047,
            40.423859
          ],
          [
            77.288142,
            40.424489
          ],
          [
            77.288235,
            40.424944
          ],
          [
            77.28846,
            40.425742
          ],
          [
            77.288684,
            40.426362
          ],
          [
            77.288883,
            40.426855
          ],
          [
            77.289233,
            40.42757
          ],
          [
            77.289471,
            40.428011
          ],
          [
            77.289825,
            40.428597
          ],
          [
            77.290368,
            40.429365
          ],
          [
            77.290826,
            40.429935
          ],
          [
            77.291567,
            40.430767
          ],
          [
            77.293429,
            40.432726
          ],
          [
            77.296571,
            40.436019
          ],
          [
            77.301127,
            40.44086
          ],
          [
            77.302664,
            40.442468
          ],
          [
            77.304004,
            40.443886
          ],
          [
            77.306749,
            40.446816
          ],
          [
            77.3085,
            40.448656
          ],
          [
            77.309489,
            40.449717
          ],
          [
            77.310125,
            40.45051
          ],
          [
            77.310512,
            40.451034
          ],
          [
            77.310856,
            40.451523
          ],
          [
            77.311679,
            40.452827
          ],
          [
            77.315657,
            40.459324
          ],
          [
            77.315978,
            40.459879
          ],
          [
            77.31621,
            40.460407
          ],
          [
            77.31643,
            40.460939
          ],
          [
            77.31655,
            40.46139
          ],
          [
            77.316635,
            40.461731
          ],
          [
            77.316695,
            40.462071
          ],
          [
            77.317017,
            40.464822
          ],
          [
            77.317354,
            40.467598
          ],
          [
            77.317506,
            40.468949
          ],
          [
            77.317556,
            40.469344
          ],
          [
            77.317592,
            40.469548
          ],
          [
            77.31765,
            40.469759
          ],
          [
            77.317799,
            40.470122
          ],
          [
            77.318005,
            40.470494
          ],
          [
            77.318301,
            40.470883
          ],
          [
            77.318742,
            40.471267
          ],
          [
            77.319091,
            40.471514
          ],
          [
            77.320538,
            40.472377
          ],
          [
            77.321924,
            40.473215
          ],
          [
            77.322151,
            40.473393
          ],
          [
            77.322342,
            40.473575
          ],
          [
            77.322504,
            40.473801
          ],
          [
            77.322618,
            40.474028
          ],
          [
            77.322736,
            40.474308
          ],
          [
            77.322802,
            40.474543
          ],
          [
            77.322951,
            40.475135
          ],
          [
            77.323018,
            40.475293
          ],
          [
            77.323097,
            40.475455
          ],
          [
            77.323205,
            40.475619
          ],
          [
            77.323313,
            40.47575
          ],
          [
            77.323445,
            40.475882
          ],
          [
            77.323605,
            40.476015
          ],
          [
            77.32407,
            40.476296
          ],
          [
            77.3245,
            40.476543
          ],
          [
            77.324778,
            40.476699
          ],
          [
            77.324967,
            40.476829
          ],
          [
            77.32516,
            40.476985
          ],
          [
            77.325312,
            40.477146
          ],
          [
            77.325417,
            40.477288
          ],
          [
            77.325511,
            40.47745
          ],
          [
            77.32558,
            40.477612
          ],
          [
            77.325643,
            40.477787
          ],
          [
            77.325679,
            40.477987
          ],
          [
            77.32569,
            40.478143
          ],
          [
            77.325685,
            40.478354
          ],
          [
            77.325649,
            40.478563
          ],
          [
            77.325549,
            40.478818
          ],
          [
            77.325429,
            40.479032
          ],
          [
            77.324858,
            40.479785
          ],
          [
            77.324738,
            40.479989
          ],
          [
            77.324653,
            40.480178
          ],
          [
            77.324609,
            40.48037
          ],
          [
            77.324582,
            40.48057
          ],
          [
            77.324582,
            40.480752
          ],
          [
            77.324598,
            40.48091
          ],
          [
            77.324645,
            40.481089
          ],
          [
            77.324745,
            40.48132
          ],
          [
            77.324878,
            40.481528
          ],
          [
            77.325058,
            40.481737
          ],
          [
            77.325267,
            40.481923
          ],
          [
            77.325399,
            40.482026
          ],
          [
            77.325554,
            40.482137
          ],
          [
            77.327386,
            40.48321
          ],
          [
            77.329812,
            40.484643
          ],
          [
            77.330121,
            40.484835
          ],
          [
            77.330405,
            40.485027
          ],
          [
            77.330817,
            40.485383
          ],
          [
            77.33106,
            40.485663
          ],
          [
            77.331277,
            40.485958
          ],
          [
            77.331493,
            40.486352
          ],
          [
            77.331612,
            40.486688
          ],
          [
            77.331687,
            40.486928
          ],
          [
            77.331729,
            40.487152
          ],
          [
            77.331759,
            40.487391
          ],
          [
            77.331768,
            40.48764
          ],
          [
            77.331835,
            40.489111
          ],
          [
            77.331867,
            40.489747
          ],
          [
            77.331915,
            40.490171
          ],
          [
            77.332005,
            40.490449
          ],
          [
            77.332146,
            40.490704
          ],
          [
            77.332376,
            40.491001
          ],
          [
            77.332674,
            40.491234
          ],
          [
            77.333038,
            40.491454
          ],
          [
            77.337095,
            40.493229
          ],
          [
            77.3377,
            40.493521
          ],
          [
            77.338212,
            40.493816
          ],
          [
            77.339801,
            40.494889
          ],
          [
            77.340352,
            40.495253
          ],
          [
            77.343074,
            40.497148
          ],
          [
            77.344247,
            40.497833
          ],
          [
            77.344818,
            40.498115
          ],
          [
            77.345389,
            40.498357
          ],
          [
            77.346062,
            40.498602
          ],
          [
            77.346726,
            40.498793
          ],
          [
            77.347852,
            40.499023
          ],
          [
            77.348837,
            40.499137
          ],
          [
            77.349931,
            40.499175
          ],
          [
            77.35049,
            40.499176
          ],
          [
            77.351098,
            40.499156
          ],
          [
            77.351927,
            40.499041
          ],
          [
            77.352716,
            40.498904
          ],
          [
            77.353782,
            40.498635
          ],
          [
            77.354387,
            40.498489
          ],
          [
            77.354993,
            40.498365
          ],
          [
            77.355619,
            40.498305
          ],
          [
            77.356607,
            40.498273
          ],
          [
            77.357507,
            40.498346
          ],
          [
            77.358399,
            40.498462
          ],
          [
            77.359069,
            40.498462
          ],
          [
            77.359643,
            40.498404
          ],
          [
            77.360259,
            40.498294
          ],
          [
            77.361037,
            40.498182
          ],
          [
            77.361619,
            40.498184
          ],
          [
            77.361962,
            40.498218
          ],
          [
            77.362296,
            40.498257
          ],
          [
            77.362752,
            40.498358
          ],
          [
            77.365136,
            40.499045
          ],
          [
            77.36774,
            40.499796
          ],
          [
            77.368139,
            40.499964
          ],
          [
            77.36847,
            40.500137
          ],
          [
            77.36885,
            40.500419
          ],
          [
            77.369108,
            40.500677
          ],
          [
            77.369362,
            40.50096
          ],
          [
            77.369555,
            40.501282
          ],
          [
            77.369692,
            40.501614
          ],
          [
            77.369789,
            40.501966
          ],
          [
            77.370269,
            40.504509
          ],
          [
            77.370369,
            40.504923
          ],
          [
            77.370535,
            40.505328
          ],
          [
            77.370663,
            40.505545
          ],
          [
            77.370824,
            40.505763
          ],
          [
            77.371089,
            40.506087
          ],
          [
            77.371528,
            40.506475
          ],
          [
            77.372254,
            40.506934
          ],
          [
            77.376447,
            40.509512
          ],
          [
            77.378313,
            40.51055
          ],
          [
            77.37989,
            40.511279
          ],
          [
            77.381382,
            40.511936
          ],
          [
            77.383115,
            40.512702
          ],
          [
            77.384187,
            40.513149
          ],
          [
            77.386327,
            40.514107
          ],
          [
            77.388234,
            40.514923
          ],
          [
            77.388591,
            40.515142
          ],
          [
            77.388846,
            40.515382
          ],
          [
            77.389054,
            40.515658
          ],
          [
            77.389238,
            40.515944
          ],
          [
            77.389604,
            40.516483
          ],
          [
            77.389841,
            40.51674
          ],
          [
            77.390174,
            40.516956
          ],
          [
            77.390715,
            40.517217
          ],
          [
            77.394138,
            40.518251
          ],
          [
            77.396845,
            40.519064
          ],
          [
            77.397205,
            40.519264
          ],
          [
            77.397426,
            40.519418
          ],
          [
            77.397665,
            40.519672
          ],
          [
            77.398454,
            40.520713
          ],
          [
            77.398774,
            40.520975
          ],
          [
            77.39916,
            40.521182
          ],
          [
            77.399684,
            40.521348
          ],
          [
            77.401818,
            40.521765
          ],
          [
            77.407369,
            40.522676
          ],
          [
            77.408778,
            40.522936
          ],
          [
            77.409932,
            40.523154
          ],
          [
            77.410561,
            40.523311
          ],
          [
            77.411226,
            40.523502
          ],
          [
            77.413801,
            40.52446
          ],
          [
            77.414885,
            40.524699
          ],
          [
            77.415956,
            40.524824
          ],
          [
            77.417272,
            40.524797
          ],
          [
            77.423001,
            40.524894
          ],
          [
            77.423632,
            40.52494
          ],
          [
            77.424215,
            40.525008
          ],
          [
            77.424932,
            40.525192
          ],
          [
            77.425526,
            40.525397
          ],
          [
            77.426051,
            40.525609
          ],
          [
            77.426821,
            40.526034
          ],
          [
            77.427482,
            40.526491
          ],
          [
            77.428214,
            40.526856
          ],
          [
            77.42888,
            40.527034
          ],
          [
            77.429488,
            40.527162
          ],
          [
            77.429866,
            40.527196
          ],
          [
            77.430139,
            40.527196
          ],
          [
            77.430404,
            40.527142
          ],
          [
            77.430577,
            40.527041
          ],
          [
            77.430916,
            40.52683
          ],
          [
            77.431262,
            40.526677
          ],
          [
            77.431529,
            40.526602
          ],
          [
            77.43432,
            40.526059
          ],
          [
            77.434688,
            40.526019
          ],
          [
            77.435023,
            40.526013
          ],
          [
            77.435333,
            40.526003
          ],
          [
            77.438899,
            40.526198
          ],
          [
            77.439406,
            40.526173
          ],
          [
            77.439705,
            40.526127
          ],
          [
            77.44035,
            40.525934
          ],
          [
            77.44136,
            40.525619
          ],
          [
            77.441985,
            40.525492
          ],
          [
            77.442558,
            40.52541
          ],
          [
            77.443092,
            40.525387
          ],
          [
            77.443626,
            40.525382
          ],
          [
            77.444172,
            40.525417
          ],
          [
            77.444718,
            40.525481
          ],
          [
            77.44898,
            40.526026
          ],
          [
            77.45362,
            40.526675
          ],
          [
            77.454779,
            40.526733
          ],
          [
            77.455438,
            40.526692
          ],
          [
            77.456105,
            40.526592
          ],
          [
            77.459094,
            40.525626
          ],
          [
            77.459502,
            40.525547
          ],
          [
            77.459853,
            40.525535
          ],
          [
            77.460193,
            40.525583
          ],
          [
            77.461572,
            40.525836
          ],
          [
            77.461898,
            40.525888
          ],
          [
            77.462257,
            40.525921
          ],
          [
            77.462782,
            40.525938
          ],
          [
            77.463368,
            40.525932
          ],
          [
            77.464158,
            40.525863
          ],
          [
            77.46888,
            40.524683
          ],
          [
            77.470577,
            40.524284
          ],
          [
            77.471528,
            40.524085
          ],
          [
            77.472321,
            40.524008
          ],
          [
            77.473037,
            40.524
          ],
          [
            77.473711,
            40.524049
          ],
          [
            77.477112,
            40.524325
          ],
          [
            77.479577,
            40.524562
          ],
          [
            77.482502,
            40.524829
          ],
          [
            77.482835,
            40.524877
          ],
          [
            77.483092,
            40.524968
          ],
          [
            77.483285,
            40.525095
          ],
          [
            77.483421,
            40.525228
          ],
          [
            77.483517,
            40.525433
          ],
          [
            77.483551,
            40.525577
          ],
          [
            77.483566,
            40.525717
          ],
          [
            77.48351,
            40.526131
          ],
          [
            77.483445,
            40.526419
          ],
          [
            77.483386,
            40.526754
          ],
          [
            77.483367,
            40.527038
          ],
          [
            77.48344,
            40.527264
          ],
          [
            77.483574,
            40.527444
          ],
          [
            77.483784,
            40.527613
          ],
          [
            77.484037,
            40.527721
          ],
          [
            77.48621,
            40.528344
          ],
          [
            77.487455,
            40.528703
          ],
          [
            77.488099,
            40.5289
          ],
          [
            77.48873,
            40.52911
          ],
          [
            77.489624,
            40.529445
          ],
          [
            77.490466,
            40.529814
          ],
          [
            77.49377,
            40.531389
          ],
          [
            77.494173,
            40.531561
          ],
          [
            77.494519,
            40.531688
          ],
          [
            77.495144,
            40.531876
          ],
          [
            77.495747,
            40.532036
          ],
          [
            77.496665,
            40.532223
          ],
          [
            77.497576,
            40.532353
          ],
          [
            77.498428,
            40.532417
          ],
          [
            77.506354,
            40.532882
          ],
          [
            77.514633,
            40.533378
          ],
          [
            77.516264,
            40.53343
          ],
          [
            77.519642,
            40.533684
          ],
          [
            77.519904,
            40.533717
          ],
          [
            77.520171,
            40.533783
          ],
          [
            77.520573,
            40.533913
          ],
          [
            77.520982,
            40.53407
          ],
          [
            77.521436,
            40.534307
          ],
          [
            77.521811,
            40.534541
          ],
          [
            77.522187,
            40.534789
          ],
          [
            77.522537,
            40.535113
          ],
          [
            77.522842,
            40.535473
          ],
          [
            77.523211,
            40.536087
          ],
          [
            77.524963,
            40.539376
          ],
          [
            77.525232,
            40.539763
          ],
          [
            77.525773,
            40.540339
          ],
          [
            77.526186,
            40.540634
          ],
          [
            77.526875,
            40.541012
          ],
          [
            77.527711,
            40.541346
          ],
          [
            77.528773,
            40.541742
          ],
          [
            77.531319,
            40.5427
          ],
          [
            77.533392,
            40.543447
          ],
          [
            77.534566,
            40.543909
          ],
          [
            77.538179,
            40.545182
          ],
          [
            77.538886,
            40.545528
          ],
          [
            77.539283,
            40.545895
          ],
          [
            77.539601,
            40.546279
          ],
          [
            77.539767,
            40.546745
          ],
          [
            77.539806,
            40.547126
          ],
          [
            77.539817,
            40.547239
          ],
          [
            77.539709,
            40.547557
          ],
          [
            77.539482,
            40.547941
          ],
          [
            77.539113,
            40.548332
          ],
          [
            77.538572,
            40.548632
          ],
          [
            77.538134,
            40.548809
          ],
          [
            77.537508,
            40.548887
          ],
          [
            77.536899,
            40.548861
          ],
          [
            77.534521,
            40.54843
          ],
          [
            77.533869,
            40.548352
          ],
          [
            77.533234,
            40.548417
          ],
          [
            77.532753,
            40.548606
          ],
          [
            77.532485,
            40.548759
          ],
          [
            77.532238,
            40.548932
          ],
          [
            77.532023,
            40.549086
          ],
          [
            77.531826,
            40.549259
          ],
          [
            77.531676,
            40.549482
          ],
          [
            77.531577,
            40.549722
          ],
          [
            77.531525,
            40.549925
          ],
          [
            77.531491,
            40.550145
          ],
          [
            77.531504,
            40.55041
          ],
          [
            77.53156,
            40.5507
          ],
          [
            77.531732,
            40.551085
          ],
          [
            77.532152,
            40.551522
          ],
          [
            77.532796,
            40.551854
          ],
          [
            77.533517,
            40.55203
          ],
          [
            77.535079,
            40.552265
          ],
          [
            77.538706,
            40.552638
          ],
          [
            77.539298,
            40.552654
          ],
          [
            77.540186,
            40.552643
          ],
          [
            77.540972,
            40.552671
          ],
          [
            77.541643,
            40.552742
          ],
          [
            77.542495,
            40.552874
          ],
          [
            77.544228,
            40.553154
          ],
          [
            77.545232,
            40.553225
          ],
          [
            77.546444,
            40.553411
          ],
          [
            77.546949,
            40.5534
          ],
          [
            77.547714,
            40.553389
          ],
          [
            77.548234,
            40.553433
          ],
          [
            77.548894,
            40.55357
          ],
          [
            77.550525,
            40.554048
          ],
          [
            77.551269,
            40.554289
          ],
          [
            77.553737,
            40.554991
          ],
          [
            77.554069,
            40.555035
          ],
          [
            77.554379,
            40.555051
          ],
          [
            77.554841,
            40.555002
          ],
          [
            77.555658,
            40.554805
          ],
          [
            77.556322,
            40.55469
          ],
          [
            77.556899,
            40.554662
          ],
          [
            77.557455,
            40.554695
          ],
          [
            77.557946,
            40.554767
          ],
          [
            77.561228,
            40.55574
          ],
          [
            77.562946,
            40.556119
          ],
          [
            77.563249,
            40.556146
          ],
          [
            77.563617,
            40.55613
          ],
          [
            77.564548,
            40.55602
          ],
          [
            77.565227,
            40.556018
          ],
          [
            77.565716,
            40.555901
          ],
          [
            77.567338,
            40.555399
          ],
          [
            77.567802,
            40.555295
          ],
          [
            77.568222,
            40.555249
          ],
          [
            77.568592,
            40.555249
          ],
          [
            77.569252,
            40.555353
          ],
          [
            77.569999,
            40.555445
          ],
          [
            77.570789,
            40.555601
          ],
          [
            77.571338,
            40.555679
          ],
          [
            77.572517,
            40.555737
          ],
          [
            77.572826,
            40.555685
          ],
          [
            77.57316,
            40.555548
          ],
          [
            77.575126,
            40.554655
          ],
          [
            77.575761,
            40.554452
          ],
          [
            77.57619,
            40.5544
          ],
          [
            77.577762,
            40.554448
          ],
          [
            77.57826,
            40.554487
          ],
          [
            77.579608,
            40.554794
          ],
          [
            77.580105,
            40.554866
          ],
          [
            77.581367,
            40.555074
          ],
          [
            77.581865,
            40.555218
          ],
          [
            77.582268,
            40.5554
          ],
          [
            77.584715,
            40.557135
          ],
          [
            77.585298,
            40.557781
          ],
          [
            77.585847,
            40.558424
          ],
          [
            77.586988,
            40.559384
          ],
          [
            77.587353,
            40.559854
          ],
          [
            77.587583,
            40.560241
          ],
          [
            77.587685,
            40.560764
          ],
          [
            77.587664,
            40.561253
          ],
          [
            77.587572,
            40.561617
          ],
          [
            77.587144,
            40.562443
          ],
          [
            77.586974,
            40.562926
          ],
          [
            77.586901,
            40.563396
          ],
          [
            77.586914,
            40.563962
          ],
          [
            77.58695,
            40.564317
          ],
          [
            77.58709,
            40.56464
          ],
          [
            77.588291,
            40.566069
          ],
          [
            77.588728,
            40.566452
          ],
          [
            77.589099,
            40.56659
          ],
          [
            77.590209,
            40.566821
          ],
          [
            77.590701,
            40.566855
          ],
          [
            77.591468,
            40.566849
          ],
          [
            77.59184,
            40.566833
          ],
          [
            77.592187,
            40.566769
          ],
          [
            77.592915,
            40.566543
          ],
          [
            77.593412,
            40.566426
          ],
          [
            77.593849,
            40.566354
          ],
          [
            77.594296,
            40.566367
          ],
          [
            77.594674,
            40.566395
          ],
          [
            77.595059,
            40.566467
          ],
          [
            77.59554,
            40.56657
          ],
          [
            77.596386,
            40.56683
          ],
          [
            77.596971,
            40.567165
          ],
          [
            77.597418,
            40.567499
          ],
          [
            77.597779,
            40.567834
          ],
          [
            77.598089,
            40.568168
          ],
          [
            77.598284,
            40.568497
          ],
          [
            77.599036,
            40.570332
          ],
          [
            77.599108,
            40.570634
          ],
          [
            77.599137,
            40.570968
          ],
          [
            77.599122,
            40.571379
          ],
          [
            77.598971,
            40.571845
          ],
          [
            77.598837,
            40.572081
          ],
          [
            77.598624,
            40.572377
          ],
          [
            77.598235,
            40.57275
          ],
          [
            77.598065,
            40.572895
          ],
          [
            77.597578,
            40.573216
          ],
          [
            77.597159,
            40.573353
          ],
          [
            77.596051,
            40.573612
          ],
          [
            77.595275,
            40.57376
          ],
          [
            77.594668,
            40.574045
          ],
          [
            77.594085,
            40.574516
          ],
          [
            77.593782,
            40.575013
          ],
          [
            77.593612,
            40.575576
          ],
          [
            77.593612,
            40.576101
          ],
          [
            77.593676,
            40.57646
          ],
          [
            77.593782,
            40.576765
          ],
          [
            77.594004,
            40.577211
          ],
          [
            77.594195,
            40.577419
          ],
          [
            77.594465,
            40.577621
          ],
          [
            77.594898,
            40.577824
          ],
          [
            77.595368,
            40.577995
          ],
          [
            77.596266,
            40.578469
          ],
          [
            77.597256,
            40.579197
          ],
          [
            77.597909,
            40.579833
          ],
          [
            77.598268,
            40.5801
          ],
          [
            77.599008,
            40.580691
          ],
          [
            77.59935,
            40.580915
          ],
          [
            77.599701,
            40.581128
          ],
          [
            77.601778,
            40.581897
          ],
          [
            77.60277,
            40.582514
          ],
          [
            77.603289,
            40.58291
          ],
          [
            77.60413,
            40.583917
          ],
          [
            77.604378,
            40.584212
          ],
          [
            77.604655,
            40.584482
          ],
          [
            77.605128,
            40.584835
          ],
          [
            77.605538,
            40.58512
          ],
          [
            77.606738,
            40.585777
          ],
          [
            77.607891,
            40.586247
          ],
          [
            77.609242,
            40.587079
          ],
          [
            77.61032,
            40.587689
          ],
          [
            77.61079,
            40.587993
          ],
          [
            77.611265,
            40.588368
          ],
          [
            77.611647,
            40.588717
          ],
          [
            77.612002,
            40.589154
          ],
          [
            77.612386,
            40.589639
          ],
          [
            77.612746,
            40.590165
          ],
          [
            77.612966,
            40.590537
          ],
          [
            77.613074,
            40.590921
          ],
          [
            77.613331,
            40.591856
          ],
          [
            77.613348,
            40.593343
          ],
          [
            77.612919,
            40.596106
          ],
          [
            77.612348,
            40.598003
          ],
          [
            77.60708,
            40.607159
          ],
          [
            77.605824,
            40.609302
          ],
          [
            77.605557,
            40.609813
          ],
          [
            77.605365,
            40.610243
          ],
          [
            77.605105,
            40.611059
          ],
          [
            77.605055,
            40.611226
          ],
          [
            77.604926,
            40.611852
          ],
          [
            77.604711,
            40.613331
          ],
          [
            77.60435,
            40.614548
          ],
          [
            77.604152,
            40.615061
          ],
          [
            77.603931,
            40.615528
          ],
          [
            77.603621,
            40.616048
          ],
          [
            77.602987,
            40.616956
          ],
          [
            77.602482,
            40.617542
          ],
          [
            77.602006,
            40.618071
          ],
          [
            77.60153,
            40.618527
          ],
          [
            77.600168,
            40.619679
          ],
          [
            77.599505,
            40.620266
          ],
          [
            77.598693,
            40.621074
          ],
          [
            77.59795,
            40.621877
          ],
          [
            77.597315,
            40.622661
          ],
          [
            77.596615,
            40.623617
          ],
          [
            77.589301,
            40.634674
          ],
          [
            77.588928,
            40.635011
          ],
          [
            77.588646,
            40.635246
          ],
          [
            77.588328,
            40.635476
          ],
          [
            77.588075,
            40.63569
          ],
          [
            77.58782,
            40.635948
          ],
          [
            77.587723,
            40.636087
          ],
          [
            77.587655,
            40.636245
          ],
          [
            77.587557,
            40.636525
          ],
          [
            77.587507,
            40.636778
          ],
          [
            77.587504,
            40.637442
          ],
          [
            77.587487,
            40.637756
          ],
          [
            77.5874,
            40.638058
          ],
          [
            77.587283,
            40.638346
          ],
          [
            77.586919,
            40.638908
          ],
          [
            77.586687,
            40.639268
          ],
          [
            77.586485,
            40.639688
          ],
          [
            77.586321,
            40.640182
          ],
          [
            77.58552,
            40.643754
          ],
          [
            77.584887,
            40.646772
          ],
          [
            77.584563,
            40.648192
          ],
          [
            77.583824,
            40.651645
          ],
          [
            77.583778,
            40.652081
          ],
          [
            77.583764,
            40.652562
          ],
          [
            77.583814,
            40.653497
          ],
          [
            77.583863,
            40.654079
          ],
          [
            77.583874,
            40.654696
          ],
          [
            77.583824,
            40.655022
          ],
          [
            77.583726,
            40.655377
          ],
          [
            77.583607,
            40.655714
          ],
          [
            77.583475,
            40.655964
          ],
          [
            77.581782,
            40.658228
          ],
          [
            77.581252,
            40.658862
          ],
          [
            77.580515,
            40.659603
          ],
          [
            77.579771,
            40.660193
          ],
          [
            77.573479,
            40.664438
          ],
          [
            77.572671,
            40.665119
          ],
          [
            77.572253,
            40.66558
          ],
          [
            77.571819,
            40.666187
          ],
          [
            77.569966,
            40.669263
          ],
          [
            77.569782,
            40.669702
          ],
          [
            77.569675,
            40.670218
          ],
          [
            77.569641,
            40.670763
          ],
          [
            77.570081,
            40.676643
          ],
          [
            77.570238,
            40.678418
          ],
          [
            77.570348,
            40.679145
          ],
          [
            77.570399,
            40.679387
          ],
          [
            77.570568,
            40.680201
          ],
          [
            77.57097,
            40.681742
          ],
          [
            77.571306,
            40.682948
          ],
          [
            77.571561,
            40.684019
          ],
          [
            77.571613,
            40.684487
          ],
          [
            77.571591,
            40.684955
          ],
          [
            77.57144,
            40.685697
          ],
          [
            77.570845,
            40.687685
          ],
          [
            77.570433,
            40.688485
          ],
          [
            77.568558,
            40.690948
          ],
          [
            77.568103,
            40.691447
          ],
          [
            77.567284,
            40.692131
          ],
          [
            77.567071,
            40.692349
          ],
          [
            77.566868,
            40.692646
          ],
          [
            77.566776,
            40.692882
          ],
          [
            77.566709,
            40.693162
          ],
          [
            77.566757,
            40.696784
          ],
          [
            77.566727,
            40.69706
          ],
          [
            77.566605,
            40.697603
          ],
          [
            77.566414,
            40.698102
          ],
          [
            77.565342,
            40.700381
          ],
          [
            77.565292,
            40.700641
          ],
          [
            77.565291,
            40.700903
          ],
          [
            77.565329,
            40.701182
          ],
          [
            77.565428,
            40.701444
          ],
          [
            77.565545,
            40.70171
          ],
          [
            77.565759,
            40.702322
          ],
          [
            77.565823,
            40.702674
          ],
          [
            77.565786,
            40.703016
          ],
          [
            77.565656,
            40.703861
          ],
          [
            77.565561,
            40.7046
          ],
          [
            77.56482,
            40.70925
          ],
          [
            77.564692,
            40.709984
          ],
          [
            77.564563,
            40.710354
          ],
          [
            77.564335,
            40.710844
          ],
          [
            77.564013,
            40.711534
          ],
          [
            77.56388,
            40.711901
          ],
          [
            77.56384,
            40.712304
          ],
          [
            77.563964,
            40.715641
          ],
          [
            77.563982,
            40.716231
          ],
          [
            77.563948,
            40.716613
          ],
          [
            77.56387,
            40.717033
          ],
          [
            77.563681,
            40.717504
          ],
          [
            77.563457,
            40.717898
          ],
          [
            77.563173,
            40.718257
          ],
          [
            77.562578,
            40.718754
          ],
          [
            77.561912,
            40.71921
          ],
          [
            77.561474,
            40.71963
          ],
          [
            77.561169,
            40.720036
          ],
          [
            77.561057,
            40.720339
          ],
          [
            77.561058,
            40.720817
          ],
          [
            77.561102,
            40.721178
          ],
          [
            77.561239,
            40.721561
          ],
          [
            77.561554,
            40.72211
          ],
          [
            77.561849,
            40.722499
          ],
          [
            77.562278,
            40.723078
          ],
          [
            77.562555,
            40.723458
          ],
          [
            77.564678,
            40.726304
          ],
          [
            77.564831,
            40.726645
          ],
          [
            77.564877,
            40.726981
          ],
          [
            77.564885,
            40.727222
          ],
          [
            77.564847,
            40.727441
          ],
          [
            77.564762,
            40.727661
          ],
          [
            77.564588,
            40.728047
          ],
          [
            77.56442,
            40.728349
          ],
          [
            77.56436,
            40.728672
          ],
          [
            77.564338,
            40.728964
          ],
          [
            77.564393,
            40.729281
          ],
          [
            77.564556,
            40.72964
          ],
          [
            77.564743,
            40.729964
          ],
          [
            77.564983,
            40.730565
          ],
          [
            77.565018,
            40.73085
          ],
          [
            77.565,
            40.731135
          ],
          [
            77.56488,
            40.731438
          ],
          [
            77.564697,
            40.731749
          ],
          [
            77.5645,
            40.731971
          ],
          [
            77.564263,
            40.732152
          ],
          [
            77.563868,
            40.732375
          ],
          [
            77.563363,
            40.732547
          ],
          [
            77.562778,
            40.732692
          ],
          [
            77.562217,
            40.732707
          ],
          [
            77.561447,
            40.732762
          ],
          [
            77.560813,
            40.732866
          ],
          [
            77.560327,
            40.733075
          ],
          [
            77.55997,
            40.733302
          ],
          [
            77.559695,
            40.733558
          ],
          [
            77.559449,
            40.733897
          ],
          [
            77.559305,
            40.734204
          ],
          [
            77.559231,
            40.734583
          ],
          [
            77.559172,
            40.735039
          ],
          [
            77.558802,
            40.736993
          ],
          [
            77.558677,
            40.737368
          ],
          [
            77.558446,
            40.737762
          ],
          [
            77.558114,
            40.738094
          ],
          [
            77.557487,
            40.738598
          ],
          [
            77.556178,
            40.739617
          ],
          [
            77.555529,
            40.740168
          ],
          [
            77.55516,
            40.740601
          ],
          [
            77.554852,
            40.741068
          ],
          [
            77.55465,
            40.741553
          ],
          [
            77.554447,
            40.742094
          ],
          [
            77.554261,
            40.742497
          ],
          [
            77.554005,
            40.742825
          ],
          [
            77.553095,
            40.743781
          ],
          [
            77.552945,
            40.744004
          ],
          [
            77.552865,
            40.744225
          ],
          [
            77.552848,
            40.744559
          ],
          [
            77.552877,
            40.744922
          ],
          [
            77.553016,
            40.745257
          ],
          [
            77.553123,
            40.745456
          ],
          [
            77.553295,
            40.745669
          ],
          [
            77.553684,
            40.745985
          ],
          [
            77.554163,
            40.746298
          ],
          [
            77.554584,
            40.746612
          ],
          [
            77.554849,
            40.746933
          ],
          [
            77.555266,
            40.747702
          ],
          [
            77.555699,
            40.748631
          ],
          [
            77.556133,
            40.749536
          ],
          [
            77.556644,
            40.750652
          ],
          [
            77.557184,
            40.75184
          ],
          [
            77.557346,
            40.752242
          ],
          [
            77.557401,
            40.752789
          ],
          [
            77.557426,
            40.753251
          ],
          [
            77.557367,
            40.753608
          ],
          [
            77.557328,
            40.753884
          ],
          [
            77.557193,
            40.75419
          ],
          [
            77.556929,
            40.754634
          ],
          [
            77.556699,
            40.754905
          ],
          [
            77.55649,
            40.755142
          ],
          [
            77.556192,
            40.755416
          ],
          [
            77.555666,
            40.755817
          ],
          [
            77.555339,
            40.756087
          ],
          [
            77.555059,
            40.756302
          ],
          [
            77.554597,
            40.756662
          ],
          [
            77.554377,
            40.75691
          ],
          [
            77.554185,
            40.757189
          ],
          [
            77.553998,
            40.757516
          ],
          [
            77.553679,
            40.758176
          ],
          [
            77.5535,
            40.758574
          ],
          [
            77.551225,
            40.763768
          ],
          [
            77.550309,
            40.765646
          ],
          [
            77.549695,
            40.766554
          ],
          [
            77.549404,
            40.766942
          ],
          [
            77.548048,
            40.768481
          ],
          [
            77.546857,
            40.769923
          ],
          [
            77.544917,
            40.772254
          ],
          [
            77.544379,
            40.772921
          ],
          [
            77.544218,
            40.773184
          ],
          [
            77.544115,
            40.773462
          ],
          [
            77.544066,
            40.773777
          ],
          [
            77.544091,
            40.774155
          ],
          [
            77.544159,
            40.774462
          ],
          [
            77.544296,
            40.774758
          ],
          [
            77.544531,
            40.775066
          ],
          [
            77.544906,
            40.775472
          ],
          [
            77.54816,
            40.777479
          ],
          [
            77.54886,
            40.77794
          ],
          [
            77.549299,
            40.778313
          ],
          [
            77.549713,
            40.778683
          ],
          [
            77.550344,
            40.779459
          ],
          [
            77.552277,
            40.782244
          ],
          [
            77.553016,
            40.783044
          ],
          [
            77.554293,
            40.783724
          ],
          [
            77.557521,
            40.784915
          ],
          [
            77.560799,
            40.786122
          ],
          [
            77.566048,
            40.788077
          ],
          [
            77.574179,
            40.791087
          ],
          [
            77.576008,
            40.791769
          ],
          [
            77.576291,
            40.791604
          ],
          [
            77.577694,
            40.790294
          ],
          [
            77.578271,
            40.789631
          ],
          [
            77.578995,
            40.788892
          ],
          [
            77.580214,
            40.787661
          ],
          [
            77.579035,
            40.787234
          ],
          [
            77.57696,
            40.786481
          ]
        ]
      }
    },
    {
      "type": "Feature",
      "id": "route_seg_qarabulaq_qarachi",
      "properties": {
        "kind": "route",
        "label": "Qarabulaq → Qarachi",
        "title": "Qarabulaq → Qarachi",
        "description": "",
        "stroke": "#1a1208",
        "stroke-width": 5,
        "stroke-opacity": 0.9
      },
      "geometry": {
        "type": "LineString",
        "coordinates": [
          [
            77.57696,
            40.786481
          ],
          [
            77.579035,
            40.787234
          ],
          [
            77.580214,
            40.787661
          ],
          [
            77.578995,
            40.788892
          ],
          [
            77.578271,
            40.789631
          ],
          [
            77.577694,
            40.790294
          ],
          [
            77.576291,
            40.791604
          ],
          [
            77.576008,
            40.791769
          ],
          [
            77.576894,
            40.792099
          ],
          [
            77.57735,
            40.792229
          ],
          [
            77.577878,
            40.792293
          ],
          [
            77.578386,
            40.792272
          ],
          [
            77.578927,
            40.792152
          ],
          [
            77.57933,
            40.791995
          ],
          [
            77.579687,
            40.791792
          ],
          [
            77.580065,
            40.791484
          ],
          [
            77.581305,
            40.790247
          ],
          [
            77.581476,
            40.790096
          ],
          [
            77.581753,
            40.789865
          ],
          [
            77.582057,
            40.789683
          ],
          [
            77.582407,
            40.789514
          ],
          [
            77.582838,
            40.789375
          ],
          [
            77.583139,
            40.789308
          ],
          [
            77.583562,
            40.789268
          ],
          [
            77.583976,
            40.789265
          ],
          [
            77.584505,
            40.789339
          ],
          [
            77.584693,
            40.789372
          ],
          [
            77.585171,
            40.789512
          ],
          [
            77.591422,
            40.791882
          ],
          [
            77.597457,
            40.794149
          ],
          [
            77.599237,
            40.794935
          ],
          [
            77.600067,
            40.79537
          ],
          [
            77.601138,
            40.79596
          ],
          [
            77.602461,
            40.796813
          ],
          [
            77.604912,
            40.798068
          ],
          [
            77.605325,
            40.798272
          ],
          [
            77.611375,
            40.801276
          ],
          [
            77.613781,
            40.802424
          ],
          [
            77.615132,
            40.803178
          ],
          [
            77.616014,
            40.803762
          ],
          [
            77.617054,
            40.804663
          ],
          [
            77.618563,
            40.805969
          ],
          [
            77.624071,
            40.810739
          ],
          [
            77.624914,
            40.811289
          ],
          [
            77.628389,
            40.813193
          ],
          [
            77.634017,
            40.815777
          ],
          [
            77.637831,
            40.81747
          ],
          [
            77.638709,
            40.818052
          ],
          [
            77.642517,
            40.823049
          ],
          [
            77.64365,
            40.82466
          ],
          [
            77.645193,
            40.827659
          ],
          [
            77.646071,
            40.829175
          ],
          [
            77.651412,
            40.833674
          ],
          [
            77.651867,
            40.834015
          ],
          [
            77.652337,
            40.834355
          ],
          [
            77.65268,
            40.834536
          ],
          [
            77.659273,
            40.835992
          ],
          [
            77.662852,
            40.837466
          ],
          [
            77.673805,
            40.839742
          ],
          [
            77.682107,
            40.842675
          ],
          [
            77.686023,
            40.842919
          ],
          [
            77.697646,
            40.843525
          ],
          [
            77.712754,
            40.844365
          ],
          [
            77.713307,
            40.844283
          ],
          [
            77.713883,
            40.844081
          ],
          [
            77.716569,
            40.842869
          ],
          [
            77.717054,
            40.842724
          ],
          [
            77.717567,
            40.842579
          ],
          [
            77.718045,
            40.842475
          ],
          [
            77.718449,
            40.842384
          ],
          [
            77.7202,
            40.842013
          ],
          [
            77.72325,
            40.841418
          ],
          [
            77.72358,
            40.841384
          ],
          [
            77.724028,
            40.841407
          ],
          [
            77.724475,
            40.841567
          ],
          [
            77.725681,
            40.842067
          ],
          [
            77.727798,
            40.842945
          ],
          [
            77.728845,
            40.843593
          ],
          [
            77.729296,
            40.843878
          ],
          [
            77.732031,
            40.844994
          ],
          [
            77.73298,
            40.845349
          ],
          [
            77.733829,
            40.845453
          ],
          [
            77.734724,
            40.845476
          ],
          [
            77.735377,
            40.845585
          ],
          [
            77.735756,
            40.845711
          ],
          [
            77.736082,
            40.845924
          ],
          [
            77.737316,
            40.846922
          ],
          [
            77.738003,
            40.84788
          ],
          [
            77.738537,
            40.848563
          ],
          [
            77.739912,
            40.849308
          ],
          [
            77.741167,
            40.850261
          ],
          [
            77.741643,
            40.850629
          ],
          [
            77.742576,
            40.850991
          ],
          [
            77.743957,
            40.851427
          ],
          [
            77.747295,
            40.852431
          ],
          [
            77.753582,
            40.854412
          ],
          [
            77.762434,
            40.85717
          ],
          [
            77.766906,
            40.860109
          ],
          [
            77.771674,
            40.860926
          ],
          [
            77.772193,
            40.861014
          ],
          [
            77.772985,
            40.861148
          ],
          [
            77.773547,
            40.86131
          ],
          [
            77.775982,
            40.862378
          ],
          [
            77.777875,
            40.863208
          ],
          [
            77.783704,
            40.865765
          ],
          [
            77.792571,
            40.870499
          ],
          [
            77.792757,
            40.870613
          ],
          [
            77.794825,
            40.871703
          ],
          [
            77.795527,
            40.87196
          ],
          [
            77.797076,
            40.87245
          ],
          [
            77.798906,
            40.873031
          ],
          [
            77.799534,
            40.873511
          ],
          [
            77.804095,
            40.876716
          ],
          [
            77.804404,
            40.876871
          ],
          [
            77.806064,
            40.877247
          ],
          [
            77.806864,
            40.877454
          ],
          [
            77.807596,
            40.877661
          ],
          [
            77.807951,
            40.87766
          ],
          [
            77.808326,
            40.877492
          ],
          [
            77.809777,
            40.876857
          ],
          [
            77.810426,
            40.876662
          ],
          [
            77.810919,
            40.876595
          ],
          [
            77.814699,
            40.876213
          ],
          [
            77.821207,
            40.875488
          ],
          [
            77.821846,
            40.875369
          ],
          [
            77.824039,
            40.874656
          ],
          [
            77.824497,
            40.87449
          ],
          [
            77.827601,
            40.873464
          ],
          [
            77.828084,
            40.873304
          ],
          [
            77.829238,
            40.873181
          ],
          [
            77.831772,
            40.873099
          ],
          [
            77.837739,
            40.873775
          ],
          [
            77.838289,
            40.873911
          ],
          [
            77.840592,
            40.874743
          ],
          [
            77.844019,
            40.876727
          ],
          [
            77.844588,
            40.876899
          ],
          [
            77.845514,
            40.877065
          ],
          [
            77.846189,
            40.877265
          ],
          [
            77.848052,
            40.878001
          ],
          [
            77.848373,
            40.878053
          ],
          [
            77.848685,
            40.878002
          ],
          [
            77.849939,
            40.877425
          ],
          [
            77.850529,
            40.87731
          ],
          [
            77.850971,
            40.877354
          ],
          [
            77.851557,
            40.877527
          ],
          [
            77.853691,
            40.879414
          ],
          [
            77.853958,
            40.879573
          ],
          [
            77.8543,
            40.879643
          ],
          [
            77.86244,
            40.880041
          ],
          [
            77.863359,
            40.880294
          ],
          [
            77.867926,
            40.882294
          ],
          [
            77.873839,
            40.884737
          ],
          [
            77.874165,
            40.884776
          ],
          [
            77.875597,
            40.884784
          ],
          [
            77.875919,
            40.884755
          ],
          [
            77.876218,
            40.884635
          ],
          [
            77.87648,
            40.884537
          ],
          [
            77.876617,
            40.884013
          ],
          [
            77.876662,
            40.883367
          ],
          [
            77.87668,
            40.882916
          ],
          [
            77.87679,
            40.882692
          ],
          [
            77.8771,
            40.882466
          ],
          [
            77.877477,
            40.882402
          ],
          [
            77.883366,
            40.882583
          ],
          [
            77.884141,
            40.882773
          ],
          [
            77.889539,
            40.885029
          ],
          [
            77.890655,
            40.885205
          ],
          [
            77.891654,
            40.885277
          ],
          [
            77.896305,
            40.885099
          ],
          [
            77.90022,
            40.885995
          ],
          [
            77.90181,
            40.886788
          ],
          [
            77.903153,
            40.887542
          ],
          [
            77.903719,
            40.888183
          ],
          [
            77.904339,
            40.888721
          ],
          [
            77.906385,
            40.889905
          ],
          [
            77.908078,
            40.889949
          ],
          [
            77.909353,
            40.890164
          ],
          [
            77.91208,
            40.890808
          ],
          [
            77.914402,
            40.891758
          ],
          [
            77.917294,
            40.892173
          ],
          [
            77.918046,
            40.892224
          ],
          [
            77.918817,
            40.892138
          ],
          [
            77.919727,
            40.891917
          ],
          [
            77.920631,
            40.89154
          ],
          [
            77.922442,
            40.891238
          ],
          [
            77.922932,
            40.891039
          ],
          [
            77.923537,
            40.890393
          ],
          [
            77.923694,
            40.890027
          ],
          [
            77.92358,
            40.888536
          ],
          [
            77.923684,
            40.888155
          ],
          [
            77.924778,
            40.887092
          ],
          [
            77.924935,
            40.886725
          ],
          [
            77.924764,
            40.885121
          ],
          [
            77.924864,
            40.884722
          ],
          [
            77.925191,
            40.88441
          ],
          [
            77.928235,
            40.882938
          ],
          [
            77.930914,
            40.881421
          ],
          [
            77.933556,
            40.879488
          ],
          [
            77.934737,
            40.878932
          ],
          [
            77.93577,
            40.87827
          ],
          [
            77.937451,
            40.877516
          ],
          [
            77.938649,
            40.87717
          ],
          [
            77.941261,
            40.876692
          ],
          [
            77.941852,
            40.876644
          ],
          [
            77.942578,
            40.876774
          ],
          [
            77.945876,
            40.877834
          ],
          [
            77.946346,
            40.877985
          ],
          [
            77.946641,
            40.878009
          ],
          [
            77.947407,
            40.877958
          ],
          [
            77.948383,
            40.877602
          ],
          [
            77.949451,
            40.877123
          ],
          [
            77.949893,
            40.876778
          ],
          [
            77.950128,
            40.876477
          ],
          [
            77.950256,
            40.876104
          ],
          [
            77.950926,
            40.869618
          ],
          [
            77.951937,
            40.861136
          ],
          [
            77.952145,
            40.859192
          ],
          [
            77.952303,
            40.857724
          ],
          [
            77.952609,
            40.856887
          ],
          [
            77.953041,
            40.856224
          ],
          [
            77.953639,
            40.855766
          ],
          [
            77.955904,
            40.85452
          ],
          [
            77.957839,
            40.853599
          ],
          [
            77.96142,
            40.851726
          ],
          [
            77.962629,
            40.851211
          ],
          [
            77.963215,
            40.851055
          ],
          [
            77.963001,
            40.849028
          ],
          [
            77.956432,
            40.846236
          ],
          [
            77.954813,
            40.845547
          ],
          [
            77.95276,
            40.844679
          ],
          [
            77.940921,
            40.839651
          ],
          [
            77.939764,
            40.839177
          ],
          [
            77.938344,
            40.838567
          ]
        ]
      }
    },
    {
      "type": "Feature",
      "id": "route_seg_qarachi_somtash",
      "properties": {
        "kind": "route",
        "label": "Qarachi → Somtash",
        "title": "Qarachi → Somtash",
        "description": "",
        "stroke": "#1a1208",
        "stroke-width": 5,
        "stroke-opacity": 0.9
      },
      "geometry": {
        "type": "LineString",
        "coordinates": [
          [
            77.938344,
            40.838567
          ],
          [
            77.939764,
            40.839177
          ],
          [
            77.940921,
            40.839651
          ],
          [
            77.95276,
            40.844679
          ],
          [
            77.954813,
            40.845547
          ],
          [
            77.956432,
            40.846236
          ],
          [
            77.963001,
            40.849028
          ],
          [
            77.963215,
            40.851055
          ],
          [
            77.963837,
            40.850984
          ],
          [
            77.96579,
            40.850797
          ],
          [
            77.967,
            40.850747
          ],
          [
            77.970233,
            40.850611
          ],
          [
            77.977577,
            40.850188
          ],
          [
            77.983513,
            40.849835
          ],
          [
            77.989359,
            40.849512
          ],
          [
            77.995371,
            40.849191
          ],
          [
            78.001292,
            40.848874
          ],
          [
            78.004679,
            40.848693
          ],
          [
            78.013084,
            40.848244
          ],
          [
            78.019116,
            40.8479
          ],
          [
            78.030868,
            40.847231
          ],
          [
            78.040319,
            40.846711
          ],
          [
            78.041113,
            40.846728
          ],
          [
            78.042535,
            40.846877
          ],
          [
            78.044043,
            40.847236
          ],
          [
            78.044907,
            40.847575
          ],
          [
            78.048791,
            40.849486
          ],
          [
            78.049905,
            40.84988
          ],
          [
            78.050611,
            40.850008
          ],
          [
            78.071416,
            40.852721
          ],
          [
            78.072484,
            40.852809
          ],
          [
            78.074482,
            40.852837
          ],
          [
            78.076878,
            40.852651
          ],
          [
            78.082273,
            40.851606
          ],
          [
            78.082718,
            40.851518
          ],
          [
            78.085657,
            40.850932
          ],
          [
            78.086861,
            40.850728
          ],
          [
            78.087854,
            40.850745
          ],
          [
            78.090766,
            40.851064
          ],
          [
            78.09138,
            40.851165
          ],
          [
            78.093887,
            40.851888
          ],
          [
            78.094345,
            40.851945
          ],
          [
            78.094736,
            40.851917
          ],
          [
            78.095779,
            40.851711
          ],
          [
            78.096838,
            40.851516
          ],
          [
            78.097666,
            40.851458
          ],
          [
            78.105576,
            40.851091
          ],
          [
            78.105975,
            40.851129
          ],
          [
            78.106362,
            40.851273
          ],
          [
            78.106703,
            40.851469
          ],
          [
            78.108568,
            40.852921
          ],
          [
            78.10897,
            40.853086
          ],
          [
            78.10961,
            40.85315
          ],
          [
            78.110134,
            40.853064
          ],
          [
            78.110462,
            40.852925
          ],
          [
            78.112683,
            40.851831
          ],
          [
            78.112851,
            40.851525
          ],
          [
            78.112673,
            40.850713
          ],
          [
            78.11266,
            40.850361
          ],
          [
            78.112746,
            40.850115
          ],
          [
            78.112932,
            40.849954
          ],
          [
            78.113166,
            40.849856
          ],
          [
            78.114968,
            40.84995
          ],
          [
            78.11526,
            40.850007
          ],
          [
            78.115466,
            40.850159
          ],
          [
            78.115521,
            40.850343
          ],
          [
            78.11545,
            40.85053
          ],
          [
            78.114833,
            40.850919
          ],
          [
            78.114614,
            40.851178
          ],
          [
            78.114512,
            40.85182
          ],
          [
            78.11442,
            40.852069
          ],
          [
            78.114028,
            40.852495
          ],
          [
            78.113999,
            40.852609
          ],
          [
            78.114071,
            40.852699
          ],
          [
            78.114253,
            40.852751
          ],
          [
            78.114408,
            40.85273
          ],
          [
            78.114585,
            40.852627
          ],
          [
            78.114861,
            40.852322
          ],
          [
            78.115052,
            40.852067
          ],
          [
            78.115268,
            40.851367
          ],
          [
            78.11536,
            40.85123
          ],
          [
            78.11559,
            40.85115
          ],
          [
            78.116057,
            40.851166
          ],
          [
            78.117169,
            40.851344
          ],
          [
            78.117496,
            40.851356
          ],
          [
            78.117795,
            40.8513
          ],
          [
            78.119746,
            40.85041
          ],
          [
            78.120067,
            40.850369
          ],
          [
            78.122079,
            40.850337
          ],
          [
            78.12416,
            40.849968
          ],
          [
            78.124395,
            40.849963
          ],
          [
            78.124807,
            40.850089
          ],
          [
            78.126183,
            40.850885
          ],
          [
            78.126686,
            40.851128
          ],
          [
            78.127266,
            40.851288
          ],
          [
            78.128631,
            40.851457
          ],
          [
            78.128847,
            40.851541
          ],
          [
            78.129464,
            40.852029
          ],
          [
            78.12966,
            40.852108
          ],
          [
            78.130333,
            40.852028
          ],
          [
            78.130485,
            40.852084
          ],
          [
            78.130614,
            40.852198
          ],
          [
            78.130925,
            40.852789
          ],
          [
            78.131083,
            40.852942
          ],
          [
            78.131373,
            40.853093
          ],
          [
            78.131676,
            40.853155
          ],
          [
            78.133362,
            40.85313
          ],
          [
            78.133843,
            40.853165
          ],
          [
            78.134927,
            40.853365
          ],
          [
            78.135176,
            40.853465
          ],
          [
            78.135303,
            40.853597
          ],
          [
            78.13535,
            40.853785
          ],
          [
            78.135226,
            40.854187
          ],
          [
            78.135245,
            40.854392
          ],
          [
            78.135348,
            40.854572
          ],
          [
            78.135565,
            40.854725
          ],
          [
            78.136421,
            40.855154
          ],
          [
            78.137071,
            40.855661
          ],
          [
            78.138452,
            40.856107
          ],
          [
            78.13883,
            40.856282
          ],
          [
            78.143487,
            40.859052
          ],
          [
            78.143708,
            40.859139
          ],
          [
            78.143956,
            40.859171
          ],
          [
            78.147675,
            40.858995
          ],
          [
            78.147933,
            40.85903
          ],
          [
            78.148198,
            40.859111
          ],
          [
            78.156272,
            40.863299
          ],
          [
            78.157232,
            40.863907
          ],
          [
            78.157792,
            40.864276
          ],
          [
            78.157983,
            40.864398
          ],
          [
            78.160457,
            40.866005
          ],
          [
            78.160851,
            40.866303
          ],
          [
            78.161157,
            40.866594
          ],
          [
            78.16142,
            40.866844
          ],
          [
            78.161526,
            40.866945
          ],
          [
            78.163291,
            40.868626
          ],
          [
            78.164834,
            40.870099
          ],
          [
            78.165766,
            40.870878
          ],
          [
            78.166828,
            40.871687
          ],
          [
            78.167163,
            40.871894
          ],
          [
            78.167274,
            40.871963
          ],
          [
            78.170058,
            40.873503
          ],
          [
            78.174304,
            40.875708
          ],
          [
            78.180242,
            40.878793
          ],
          [
            78.180681,
            40.879069
          ],
          [
            78.181658,
            40.880203
          ],
          [
            78.18182,
            40.880327
          ],
          [
            78.183885,
            40.880929
          ],
          [
            78.184469,
            40.881623
          ],
          [
            78.184736,
            40.881846
          ],
          [
            78.18508,
            40.882093
          ],
          [
            78.185819,
            40.882484
          ],
          [
            78.187248,
            40.882957
          ],
          [
            78.188365,
            40.883381
          ],
          [
            78.191893,
            40.884452
          ],
          [
            78.192244,
            40.884607
          ],
          [
            78.194769,
            40.886317
          ],
          [
            78.194971,
            40.886527
          ],
          [
            78.19504,
            40.886745
          ],
          [
            78.19502,
            40.886919
          ],
          [
            78.194777,
            40.88773
          ],
          [
            78.194752,
            40.888017
          ],
          [
            78.195064,
            40.888666
          ],
          [
            78.19534,
            40.888917
          ],
          [
            78.19559,
            40.889057
          ],
          [
            78.197159,
            40.889522
          ],
          [
            78.19769,
            40.889749
          ],
          [
            78.199019,
            40.890758
          ],
          [
            78.19941,
            40.890915
          ],
          [
            78.20072,
            40.891179
          ],
          [
            78.201655,
            40.89152
          ],
          [
            78.202692,
            40.891832
          ],
          [
            78.203199,
            40.891801
          ],
          [
            78.204139,
            40.891591
          ],
          [
            78.2048,
            40.891513
          ],
          [
            78.205462,
            40.891513
          ],
          [
            78.206119,
            40.891593
          ],
          [
            78.229748,
            40.895512
          ],
          [
            78.230988,
            40.895617
          ],
          [
            78.233127,
            40.895577
          ],
          [
            78.240094,
            40.895163
          ],
          [
            78.240193,
            40.896537
          ]
        ]
      }
    },
    {
      "type": "Feature",
      "id": "route_seg_somtash_akqi",
      "properties": {
        "kind": "route",
        "label": "Somtash → Akqi",
        "title": "Somtash → Akqi",
        "description": "",
        "stroke": "#1a1208",
        "stroke-width": 5,
        "stroke-opacity": 0.9
      },
      "geometry": {
        "type": "LineString",
        "coordinates": [
          [
            78.240193,
            40.896537
          ],
          [
            78.240094,
            40.895163
          ],
          [
            78.243071,
            40.895012
          ],
          [
            78.243666,
            40.89506
          ],
          [
            78.244327,
            40.895196
          ],
          [
            78.245291,
            40.895527
          ],
          [
            78.249913,
            40.897371
          ],
          [
            78.250557,
            40.897522
          ],
          [
            78.251124,
            40.897572
          ],
          [
            78.261481,
            40.897555
          ],
          [
            78.270112,
            40.896957
          ],
          [
            78.270779,
            40.896945
          ],
          [
            78.271331,
            40.896996
          ],
          [
            78.27187,
            40.897109
          ],
          [
            78.273342,
            40.897564
          ],
          [
            78.273824,
            40.897631
          ],
          [
            78.275491,
            40.897525
          ],
          [
            78.276728,
            40.897569
          ],
          [
            78.27866,
            40.898174
          ],
          [
            78.28057,
            40.898971
          ],
          [
            78.28151,
            40.899187
          ],
          [
            78.283216,
            40.899414
          ],
          [
            78.29063,
            40.900872
          ],
          [
            78.29106,
            40.900927
          ],
          [
            78.292317,
            40.900811
          ],
          [
            78.293068,
            40.900752
          ],
          [
            78.295465,
            40.900958
          ],
          [
            78.295827,
            40.900942
          ],
          [
            78.29823,
            40.900506
          ],
          [
            78.298875,
            40.900467
          ],
          [
            78.301978,
            40.900467
          ],
          [
            78.302419,
            40.9005
          ],
          [
            78.314898,
            40.903174
          ],
          [
            78.316366,
            40.903371
          ],
          [
            78.317015,
            40.903433
          ],
          [
            78.319943,
            40.903711
          ],
          [
            78.321119,
            40.90377
          ],
          [
            78.321232,
            40.903753
          ],
          [
            78.323246,
            40.903464
          ],
          [
            78.323873,
            40.903438
          ],
          [
            78.328361,
            40.903452
          ],
          [
            78.344213,
            40.902671
          ],
          [
            78.344771,
            40.9027
          ],
          [
            78.345526,
            40.902822
          ],
          [
            78.346158,
            40.90301
          ],
          [
            78.349876,
            40.904537
          ],
          [
            78.350543,
            40.904731
          ],
          [
            78.351106,
            40.904819
          ],
          [
            78.351721,
            40.904833
          ],
          [
            78.354006,
            40.904775
          ],
          [
            78.354637,
            40.904822
          ],
          [
            78.355165,
            40.904926
          ],
          [
            78.364568,
            40.908015
          ],
          [
            78.364964,
            40.908071
          ],
          [
            78.365353,
            40.908051
          ],
          [
            78.367441,
            40.907412
          ],
          [
            78.367948,
            40.907293
          ],
          [
            78.368432,
            40.907235
          ],
          [
            78.369092,
            40.907215
          ],
          [
            78.376154,
            40.907551
          ],
          [
            78.376693,
            40.907575
          ],
          [
            78.383943,
            40.907902
          ],
          [
            78.384664,
            40.908018
          ],
          [
            78.385179,
            40.908161
          ],
          [
            78.38611,
            40.908545
          ],
          [
            78.386549,
            40.908813
          ],
          [
            78.38944,
            40.911033
          ],
          [
            78.389831,
            40.911196
          ],
          [
            78.390143,
            40.911272
          ],
          [
            78.390539,
            40.911305
          ],
          [
            78.392793,
            40.911154
          ],
          [
            78.393319,
            40.911186
          ],
          [
            78.397563,
            40.91175
          ],
          [
            78.398366,
            40.911937
          ],
          [
            78.399283,
            40.912214
          ],
          [
            78.400146,
            40.912597
          ],
          [
            78.400797,
            40.912956
          ],
          [
            78.402715,
            40.914225
          ],
          [
            78.402923,
            40.914365
          ],
          [
            78.409295,
            40.918657
          ],
          [
            78.421736,
            40.927021
          ],
          [
            78.422103,
            40.927169
          ],
          [
            78.422911,
            40.927496
          ],
          [
            78.42421,
            40.927993
          ],
          [
            78.430765,
            40.930633
          ],
          [
            78.433316,
            40.931652
          ],
          [
            78.434396,
            40.932087
          ]
        ]
      }
    },
    {
      "type": "Feature",
      "id": "route_seg_akqi_saparbay",
      "properties": {
        "kind": "route",
        "label": "Akqi → Saparbay",
        "title": "Akqi → Saparbay",
        "description": "",
        "stroke": "#1a1208",
        "stroke-width": 5,
        "stroke-opacity": 0.9
      },
      "geometry": {
        "type": "LineString",
        "coordinates": [
          [
            78.434396,
            40.932087
          ],
          [
            78.435028,
            40.932341
          ],
          [
            78.442008,
            40.934015
          ],
          [
            78.446224,
            40.935222
          ],
          [
            78.449243,
            40.936085
          ],
          [
            78.452285,
            40.936963
          ],
          [
            78.456831,
            40.938162
          ],
          [
            78.458571,
            40.938621
          ],
          [
            78.459216,
            40.938832
          ],
          [
            78.464807,
            40.940382
          ],
          [
            78.473247,
            40.942568
          ],
          [
            78.473323,
            40.942588
          ],
          [
            78.476085,
            40.943324
          ],
          [
            78.47747,
            40.943647
          ],
          [
            78.479348,
            40.943937
          ],
          [
            78.481222,
            40.944125
          ],
          [
            78.481477,
            40.944163
          ],
          [
            78.481823,
            40.944196
          ],
          [
            78.482289,
            40.944231
          ],
          [
            78.483588,
            40.944289
          ],
          [
            78.484339,
            40.94428
          ],
          [
            78.491182,
            40.94395
          ],
          [
            78.495823,
            40.944052
          ],
          [
            78.498574,
            40.943977
          ],
          [
            78.500906,
            40.943692
          ],
          [
            78.502385,
            40.943457
          ],
          [
            78.503881,
            40.943149
          ],
          [
            78.508945,
            40.941947
          ],
          [
            78.519799,
            40.939106
          ],
          [
            78.521769,
            40.93865
          ],
          [
            78.526917,
            40.93774
          ],
          [
            78.527262,
            40.937726
          ],
          [
            78.527808,
            40.937837
          ],
          [
            78.531037,
            40.939052
          ],
          [
            78.531376,
            40.939124
          ],
          [
            78.531791,
            40.93911
          ],
          [
            78.532384,
            40.939009
          ],
          [
            78.532672,
            40.938899
          ],
          [
            78.53534,
            40.937045
          ],
          [
            78.535755,
            40.936841
          ],
          [
            78.536197,
            40.93672
          ],
          [
            78.536635,
            40.936694
          ],
          [
            78.537061,
            40.936752
          ],
          [
            78.537481,
            40.936888
          ],
          [
            78.539047,
            40.937741
          ],
          [
            78.541206,
            40.935858
          ],
          [
            78.542835,
            40.933928
          ],
          [
            78.543163,
            40.933664
          ],
          [
            78.545496,
            40.932183
          ],
          [
            78.545834,
            40.932069
          ],
          [
            78.54619,
            40.932022
          ],
          [
            78.550875,
            40.931895
          ],
          [
            78.551539,
            40.931788
          ],
          [
            78.551802,
            40.931683
          ],
          [
            78.553465,
            40.930612
          ],
          [
            78.558758,
            40.927102
          ],
          [
            78.559102,
            40.926877
          ],
          [
            78.559802,
            40.92643
          ],
          [
            78.560436,
            40.926141
          ],
          [
            78.561043,
            40.925952
          ],
          [
            78.561837,
            40.925826
          ],
          [
            78.567395,
            40.925585
          ],
          [
            78.568101,
            40.925508
          ],
          [
            78.574816,
            40.924197
          ],
          [
            78.575386,
            40.924186
          ],
          [
            78.576476,
            40.924328
          ],
          [
            78.577209,
            40.924434
          ],
          [
            78.577632,
            40.924498
          ],
          [
            78.577932,
            40.924644
          ],
          [
            78.578139,
            40.924869
          ],
          [
            78.578247,
            40.925109
          ],
          [
            78.579643,
            40.931241
          ],
          [
            78.579796,
            40.931654
          ],
          [
            78.581012,
            40.933857
          ],
          [
            78.581291,
            40.934243
          ],
          [
            78.581648,
            40.93458
          ],
          [
            78.583904,
            40.936415
          ],
          [
            78.584191,
            40.936578
          ],
          [
            78.584514,
            40.936698
          ],
          [
            78.588055,
            40.937569
          ],
          [
            78.589199,
            40.937847
          ],
          [
            78.591201,
            40.938333
          ],
          [
            78.592667,
            40.938714
          ],
          [
            78.593899,
            40.939124
          ],
          [
            78.597301,
            40.940451
          ],
          [
            78.603689,
            40.942957
          ],
          [
            78.61535,
            40.94754
          ],
          [
            78.619327,
            40.949096
          ],
          [
            78.621019,
            40.949748
          ],
          [
            78.623269,
            40.950446
          ],
          [
            78.632053,
            40.952908
          ],
          [
            78.633984,
            40.953543
          ],
          [
            78.636838,
            40.954567
          ],
          [
            78.647281,
            40.958338
          ],
          [
            78.648528,
            40.958816
          ],
          [
            78.649702,
            40.959336
          ],
          [
            78.650783,
            40.959931
          ],
          [
            78.651857,
            40.960595
          ],
          [
            78.652897,
            40.961337
          ],
          [
            78.656862,
            40.964421
          ],
          [
            78.660062,
            40.966924
          ],
          [
            78.66048,
            40.967109
          ],
          [
            78.664859,
            40.968138
          ],
          [
            78.670834,
            40.96953
          ],
          [
            78.67298,
            40.96997
          ],
          [
            78.675439,
            40.970457
          ],
          [
            78.679224,
            40.971007
          ],
          [
            78.68186,
            40.971375
          ],
          [
            78.68306,
            40.971617
          ],
          [
            78.692335,
            40.973617
          ],
          [
            78.697698,
            40.974821
          ],
          [
            78.699941,
            40.97532
          ]
        ]
      }
    },
    {
      "type": "Feature",
      "id": "route_seg_singing-straights_otbeshi",
      "properties": {
        "kind": "route",
        "label": "Singing Straights → Otbéshi",
        "title": "Singing Straights → Otbéshi",
        "description": "",
        "stroke": "#1a1208",
        "stroke-width": 5,
        "stroke-opacity": 0.9
      },
      "geometry": {
        "type": "LineString",
        "coordinates": [
          [
            78.911391,
            41.059065
          ],
          [
            78.910807,
            41.0587
          ],
          [
            78.909702,
            41.059918
          ],
          [
            78.914491,
            41.064803
          ],
          [
            78.915306,
            41.065488
          ],
          [
            78.915978,
            41.065962
          ],
          [
            78.92929,
            41.074188
          ],
          [
            78.93002,
            41.074861
          ],
          [
            78.936231,
            41.081649
          ],
          [
            78.937167,
            41.082341
          ],
          [
            78.937779,
            41.08265
          ],
          [
            78.949823,
            41.087735
          ],
          [
            78.954267,
            41.089825
          ],
          [
            78.9668,
            41.096074
          ],
          [
            78.974998,
            41.100281
          ],
          [
            78.980518,
            41.103114
          ],
          [
            78.99078,
            41.108306
          ],
          [
            78.991743,
            41.108692
          ],
          [
            78.992856,
            41.10889
          ],
          [
            78.995119,
            41.108981
          ],
          [
            79.000654,
            41.109204
          ],
          [
            79.004687,
            41.110646
          ],
          [
            79.005036,
            41.1109
          ],
          [
            79.005281,
            41.111255
          ],
          [
            79.005633,
            41.112315
          ],
          [
            79.006058,
            41.112348
          ],
          [
            79.007989,
            41.112661
          ],
          [
            79.01021,
            41.113366
          ],
          [
            79.01233,
            41.114418
          ],
          [
            79.013972,
            41.115306
          ],
          [
            79.025069,
            41.122465
          ],
          [
            79.032923,
            41.128478
          ],
          [
            79.035884,
            41.130504
          ],
          [
            79.04893,
            41.138853
          ],
          [
            79.051312,
            41.140615
          ],
          [
            79.0685,
            41.153428
          ],
          [
            79.074851,
            41.157467
          ],
          [
            79.077512,
            41.160262
          ],
          [
            79.08109,
            41.163111
          ],
          [
            79.083246,
            41.164218
          ],
          [
            79.086787,
            41.165623
          ],
          [
            79.091036,
            41.16702
          ],
          [
            79.092634,
            41.16765
          ],
          [
            79.097688,
            41.170202
          ],
          [
            79.098353,
            41.170469
          ],
          [
            79.09978,
            41.170986
          ],
          [
            79.102033,
            41.171495
          ],
          [
            79.106324,
            41.171995
          ],
          [
            79.10876,
            41.172714
          ],
          [
            79.113845,
            41.174394
          ],
          [
            79.117461,
            41.175452
          ],
          [
            79.121205,
            41.176784
          ],
          [
            79.125354,
            41.178621
          ],
          [
            79.126321,
            41.179035
          ],
          [
            79.126965,
            41.179288
          ],
          [
            79.127596,
            41.179506
          ],
          [
            79.130197,
            41.180353
          ],
          [
            79.131452,
            41.180817
          ],
          [
            79.134516,
            41.182091
          ],
          [
            79.135528,
            41.182505
          ],
          [
            79.136018,
            41.182681
          ],
          [
            79.136428,
            41.182793
          ],
          [
            79.136932,
            41.182917
          ],
          [
            79.137658,
            41.183044
          ],
          [
            79.144209,
            41.18389
          ],
          [
            79.144649,
            41.182025
          ],
          [
            79.143978,
            41.181935
          ],
          [
            79.143888,
            41.182263
          ]
        ]
      }
    },
    {
      "type": "Feature",
      "id": "route_seg_yakowruk_achatagh",
      "properties": {
        "kind": "route",
        "label": "Yaköwrük → Achatagh",
        "title": "Yaköwrük → Achatagh",
        "description": "",
        "stroke": "#1a1208",
        "stroke-width": 5,
        "stroke-opacity": 0.9
      },
      "geometry": {
        "type": "LineString",
        "coordinates": [
          [
            79.430014,
            41.206395
          ],
          [
            79.430126,
            41.206385
          ],
          [
            79.430609,
            41.206394
          ],
          [
            79.436257,
            41.207296
          ],
          [
            79.438325,
            41.207493
          ],
          [
            79.441182,
            41.207764
          ],
          [
            79.449958,
            41.20837
          ],
          [
            79.450892,
            41.208555
          ],
          [
            79.451975,
            41.208886
          ],
          [
            79.456138,
            41.210581
          ],
          [
            79.46201,
            41.21305
          ],
          [
            79.46795,
            41.215472
          ],
          [
            79.485224,
            41.22163
          ],
          [
            79.488389,
            41.222768
          ],
          [
            79.49489,
            41.224882
          ],
          [
            79.496393,
            41.225172
          ],
          [
            79.510047,
            41.227957
          ],
          [
            79.5134,
            41.228713
          ],
          [
            79.522056,
            41.230909
          ],
          [
            79.531465,
            41.233451
          ],
          [
            79.534845,
            41.234435
          ],
          [
            79.539834,
            41.236267
          ],
          [
            79.547784,
            41.238332
          ],
          [
            79.54964,
            41.238687
          ],
          [
            79.557515,
            41.24026
          ],
          [
            79.563115,
            41.241341
          ],
          [
            79.564049,
            41.241858
          ],
          [
            79.564233,
            41.242009
          ],
          [
            79.564671,
            41.242318
          ],
          [
            79.565218,
            41.242471
          ],
          [
            79.566204,
            41.24249
          ],
          [
            79.567705,
            41.242592
          ],
          [
            79.569274,
            41.242855
          ]
        ]
      }
    },
    {
      "type": "Feature",
      "id": "route_seg_achatagh_aqyar",
      "properties": {
        "kind": "route",
        "label": "Achatagh → Aqyar",
        "title": "Achatagh → Aqyar",
        "description": "",
        "stroke": "#1a1208",
        "stroke-width": 5,
        "stroke-opacity": 0.9
      },
      "geometry": {
        "type": "LineString",
        "coordinates": [
          [
            79.569274,
            41.242855
          ],
          [
            79.569565,
            41.242904
          ],
          [
            79.571848,
            41.243338
          ],
          [
            79.575213,
            41.24371
          ],
          [
            79.580303,
            41.244468
          ],
          [
            79.589186,
            41.245645
          ],
          [
            79.593714,
            41.246194
          ],
          [
            79.595409,
            41.246307
          ],
          [
            79.600106,
            41.246259
          ],
          [
            79.607447,
            41.246387
          ],
          [
            79.610558,
            41.246404
          ],
          [
            79.617725,
            41.245548
          ],
          [
            79.623347,
            41.245629
          ],
          [
            79.641774,
            41.241628
          ],
          [
            79.642204,
            41.241515
          ],
          [
            79.642716,
            41.24134
          ],
          [
            79.650296,
            41.238002
          ],
          [
            79.651078,
            41.237699
          ],
          [
            79.652057,
            41.237417
          ],
          [
            79.652774,
            41.237335
          ],
          [
            79.6539,
            41.237247
          ],
          [
            79.654998,
            41.237162
          ],
          [
            79.65512,
            41.237152
          ],
          [
            79.657389,
            41.236969
          ],
          [
            79.657525,
            41.236945
          ],
          [
            79.658173,
            41.236832
          ],
          [
            79.659031,
            41.236561
          ],
          [
            79.661123,
            41.235746
          ],
          [
            79.669867,
            41.233559
          ],
          [
            79.67315,
            41.232737
          ],
          [
            79.674995,
            41.232802
          ],
          [
            79.678944,
            41.232301
          ],
          [
            79.68124,
            41.231123
          ],
          [
            79.68973,
            41.225868
          ],
          [
            79.692634,
            41.224071
          ],
          [
            79.698847,
            41.219434
          ],
          [
            79.701002,
            41.217825
          ],
          [
            79.703086,
            41.216258
          ],
          [
            79.703626,
            41.215852
          ],
          [
            79.704005,
            41.215458
          ],
          [
            79.704273,
            41.214947
          ],
          [
            79.704484,
            41.214138
          ],
          [
            79.70498,
            41.21218
          ],
          [
            79.705701,
            41.211368
          ],
          [
            79.708303,
            41.208413
          ],
          [
            79.706885,
            41.207852
          ],
          [
            79.706267,
            41.207685
          ]
        ]
      }
    },
    {
      "type": "Feature",
      "id": "route_spur_aqyar_aral",
      "properties": {
        "kind": "spur",
        "label": "Aqyar → Aral",
        "title": "Aqyar → Aral",
        "description": "",
        "stroke": "#1a1208",
        "stroke-width": 5,
        "stroke-opacity": 0.9
      },
      "geometry": {
        "type": "LineString",
        "coordinates": [
          [
            79.706267,
            41.207685
          ],
          [
            79.706885,
            41.207852
          ],
          [
            79.708303,
            41.208413
          ],
          [
            79.708515,
            41.208105
          ],
          [
            79.708644,
            41.207888
          ],
          [
            79.708741,
            41.20762
          ],
          [
            79.708783,
            41.207327
          ],
          [
            79.708775,
            41.207086
          ],
          [
            79.708734,
            41.206848
          ],
          [
            79.708673,
            41.206587
          ],
          [
            79.70833,
            41.204991
          ],
          [
            79.707439,
            41.201399
          ],
          [
            79.707182,
            41.199462
          ],
          [
            79.705422,
            41.197977
          ],
          [
            79.702547,
            41.19633
          ],
          [
            79.70186,
            41.195555
          ],
          [
            79.701775,
            41.194521
          ],
          [
            79.702762,
            41.193262
          ],
          [
            79.736383,
            41.165216
          ],
          [
            79.750264,
            41.149261
          ],
          [
            79.750242,
            41.149124
          ],
          [
            79.750131,
            41.148432
          ],
          [
            79.750113,
            41.148324
          ],
          [
            79.752224,
            41.147339
          ],
          [
            79.761782,
            41.142186
          ],
          [
            79.771504,
            41.136855
          ],
          [
            79.772501,
            41.136309
          ],
          [
            79.774943,
            41.13497
          ],
          [
            79.784924,
            41.129496
          ],
          [
            79.792387,
            41.125404
          ],
          [
            79.79248,
            41.125486
          ],
          [
            79.800422,
            41.132466
          ],
          [
            79.801201,
            41.131957
          ],
          [
            79.803665,
            41.130334
          ],
          [
            79.806294,
            41.128603
          ],
          [
            79.808489,
            41.127158
          ],
          [
            79.811212,
            41.125364
          ],
          [
            79.813839,
            41.127087
          ],
          [
            79.814487,
            41.127512
          ],
          [
            79.8154,
            41.12811
          ],
          [
            79.815915,
            41.128448
          ],
          [
            79.817714,
            41.127284
          ],
          [
            79.819875,
            41.125886
          ],
          [
            79.822978,
            41.127877
          ]
        ]
      }
    },
    {
      "type": "Feature",
      "id": "route_spur_aral_egerchi-bridge",
      "properties": {
        "kind": "spur",
        "label": "Aral → Egerchi Bridge",
        "title": "Aral → Egerchi Bridge",
        "description": "",
        "stroke": "#1a1208",
        "stroke-width": 5,
        "stroke-opacity": 0.9
      },
      "geometry": {
        "type": "LineString",
        "coordinates": [
          [
            79.822978,
            41.127877
          ],
          [
            79.819875,
            41.125886
          ],
          [
            79.817714,
            41.127284
          ],
          [
            79.815915,
            41.128448
          ],
          [
            79.8154,
            41.12811
          ],
          [
            79.814487,
            41.127512
          ],
          [
            79.813839,
            41.127087
          ],
          [
            79.811212,
            41.125364
          ],
          [
            79.808489,
            41.127158
          ],
          [
            79.806294,
            41.128603
          ],
          [
            79.803665,
            41.130334
          ],
          [
            79.801201,
            41.131957
          ],
          [
            79.800422,
            41.132466
          ],
          [
            79.79248,
            41.125486
          ],
          [
            79.792387,
            41.125404
          ],
          [
            79.805099,
            41.118416
          ],
          [
            79.808551,
            41.116528
          ],
          [
            79.809869,
            41.115803
          ],
          [
            79.811069,
            41.115205
          ],
          [
            79.812296,
            41.114644
          ],
          [
            79.814937,
            41.11368
          ],
          [
            79.817866,
            41.112814
          ],
          [
            79.820242,
            41.112359
          ],
          [
            79.822341,
            41.112054
          ],
          [
            79.845065,
            41.108258
          ],
          [
            79.848453,
            41.107692
          ],
          [
            79.857747,
            41.106139
          ],
          [
            79.85831,
            41.106038
          ],
          [
            79.862785,
            41.105394
          ],
          [
            79.866724,
            41.10519
          ],
          [
            79.883617,
            41.104641
          ],
          [
            79.905697,
            41.103923
          ],
          [
            79.90811,
            41.104021
          ],
          [
            79.910218,
            41.104164
          ],
          [
            79.912078,
            41.104397
          ],
          [
            79.913824,
            41.104736
          ],
          [
            79.916581,
            41.105352
          ],
          [
            79.92044,
            41.106554
          ],
          [
            79.971786,
            41.123697
          ],
          [
            79.980803,
            41.126901
          ],
          [
            79.982745,
            41.127802
          ],
          [
            79.985122,
            41.129309
          ],
          [
            79.986418,
            41.130205
          ],
          [
            79.995545,
            41.13693
          ],
          [
            79.998249,
            41.138594
          ],
          [
            80.000598,
            41.139871
          ],
          [
            80.002014,
            41.140655
          ],
          [
            80.004407,
            41.142101
          ],
          [
            80.0057,
            41.14286
          ],
          [
            80.008688,
            41.144614
          ],
          [
            80.014706,
            41.148274
          ],
          [
            80.018306,
            41.150798
          ],
          [
            80.019988,
            41.151754
          ],
          [
            80.021823,
            41.152566
          ],
          [
            80.030204,
            41.156223
          ],
          [
            80.038305,
            41.160369
          ],
          [
            80.040009,
            41.161467
          ],
          [
            80.064073,
            41.181423
          ],
          [
            80.065419,
            41.182311
          ],
          [
            80.074064,
            41.187093
          ],
          [
            80.075426,
            41.18782
          ],
          [
            80.076896,
            41.188357
          ],
          [
            80.078677,
            41.188748
          ],
          [
            80.08034,
            41.188857
          ],
          [
            80.081547,
            41.188764
          ],
          [
            80.082679,
            41.188587
          ],
          [
            80.083725,
            41.188353
          ],
          [
            80.085102,
            41.187835
          ],
          [
            80.093853,
            41.183839
          ],
          [
            80.094881,
            41.183204
          ],
          [
            80.095772,
            41.182581
          ],
          [
            80.096807,
            41.181638
          ],
          [
            80.097651,
            41.180694
          ],
          [
            80.099902,
            41.177314
          ],
          [
            80.101383,
            41.17563
          ],
          [
            80.103748,
            41.173433
          ],
          [
            80.105526,
            41.171537
          ],
          [
            80.106394,
            41.170279
          ],
          [
            80.106585,
            41.169991
          ],
          [
            80.107109,
            41.169136
          ],
          [
            80.108308,
            41.166869
          ],
          [
            80.110337,
            41.162854
          ],
          [
            80.112046,
            41.159637
          ],
          [
            80.113386,
            41.15712
          ],
          [
            80.113947,
            41.156102
          ],
          [
            80.114611,
            41.155006
          ],
          [
            80.116576,
            41.15224
          ],
          [
            80.117749,
            41.150597
          ],
          [
            80.118593,
            41.149503
          ],
          [
            80.119018,
            41.148952
          ],
          [
            80.119217,
            41.148695
          ],
          [
            80.12085,
            41.146446
          ],
          [
            80.121362,
            41.145826
          ],
          [
            80.121553,
            41.145554
          ],
          [
            80.122247,
            41.144611
          ],
          [
            80.122732,
            41.144064
          ],
          [
            80.123185,
            41.143641
          ],
          [
            80.123555,
            41.143295
          ],
          [
            80.124008,
            41.142988
          ],
          [
            80.124601,
            41.142637
          ],
          [
            80.125188,
            41.142372
          ],
          [
            80.13887,
            41.136099
          ],
          [
            80.140952,
            41.135143
          ],
          [
            80.141454,
            41.134897
          ],
          [
            80.142924,
            41.134188
          ],
          [
            80.154214,
            41.128886
          ],
          [
            80.155581,
            41.128235
          ],
          [
            80.156104,
            41.128016
          ],
          [
            80.168882,
            41.123788
          ],
          [
            80.17043,
            41.123268
          ],
          [
            80.171296,
            41.122982
          ],
          [
            80.175011,
            41.121787
          ],
          [
            80.176622,
            41.12124
          ],
          [
            80.178337,
            41.120658
          ],
          [
            80.182629,
            41.118548
          ],
          [
            80.191545,
            41.115921
          ],
          [
            80.193862,
            41.115485
          ],
          [
            80.195107,
            41.115194
          ],
          [
            80.196866,
            41.114167
          ],
          [
            80.198712,
            41.11285
          ],
          [
            80.199345,
            41.112098
          ],
          [
            80.1995,
            41.111461
          ],
          [
            80.199628,
            41.111052
          ],
          [
            80.199776,
            41.110683
          ],
          [
            80.199979,
            41.110398
          ],
          [
            80.200341,
            41.110088
          ],
          [
            80.20085,
            41.109796
          ],
          [
            80.20157,
            41.109537
          ],
          [
            80.202558,
            41.109233
          ],
          [
            80.203871,
            41.109099
          ],
          [
            80.204759,
            41.109044
          ],
          [
            80.206638,
            41.108925
          ],
          [
            80.20704,
            41.108929
          ],
          [
            80.207427,
            41.108962
          ],
          [
            80.208149,
            41.109052
          ],
          [
            80.209038,
            41.10928
          ],
          [
            80.20994,
            41.109622
          ],
          [
            80.210987,
            41.110048
          ],
          [
            80.211325,
            41.1102
          ],
          [
            80.211725,
            41.110365
          ],
          [
            80.212174,
            41.110551
          ],
          [
            80.212912,
            41.110868
          ],
          [
            80.213241,
            41.111051
          ],
          [
            80.213537,
            41.11123
          ],
          [
            80.213863,
            41.111448
          ],
          [
            80.214109,
            41.111649
          ],
          [
            80.214501,
            41.112007
          ],
          [
            80.214944,
            41.112412
          ],
          [
            80.215563,
            41.112977
          ],
          [
            80.217348,
            41.1146
          ],
          [
            80.217211,
            41.114662
          ],
          [
            80.216831,
            41.114317
          ],
          [
            80.215443,
            41.113028
          ],
          [
            80.214839,
            41.112467
          ],
          [
            80.214477,
            41.112131
          ]
        ]
      }
    },
    {
      "type": "Feature",
      "id": "route_spur_egerchi-bridge_egerchi",
      "properties": {
        "kind": "spur",
        "label": "Egerchi Bridge → Egerchi",
        "title": "Egerchi Bridge → Egerchi",
        "description": "",
        "stroke": "#1a1208",
        "stroke-width": 5,
        "stroke-opacity": 0.9
      },
      "geometry": {
        "type": "LineString",
        "coordinates": [
          [
            80.214477,
            41.112131
          ],
          [
            80.214033,
            41.111719
          ],
          [
            80.213757,
            41.111501
          ],
          [
            80.213518,
            41.11136
          ],
          [
            80.212994,
            41.111067
          ],
          [
            80.212792,
            41.110978
          ],
          [
            80.212912,
            41.110868
          ],
          [
            80.213241,
            41.111051
          ],
          [
            80.213537,
            41.11123
          ],
          [
            80.213863,
            41.111448
          ],
          [
            80.214109,
            41.111649
          ],
          [
            80.214501,
            41.112007
          ],
          [
            80.214944,
            41.112412
          ],
          [
            80.215563,
            41.112977
          ],
          [
            80.217348,
            41.1146
          ],
          [
            80.220081,
            41.117068
          ],
          [
            80.222611,
            41.11938
          ],
          [
            80.223428,
            41.120175
          ],
          [
            80.223649,
            41.12044
          ],
          [
            80.22387,
            41.120787
          ],
          [
            80.224046,
            41.121175
          ],
          [
            80.224152,
            41.121574
          ],
          [
            80.224188,
            41.121993
          ],
          [
            80.223926,
            41.125121
          ],
          [
            80.223903,
            41.125392
          ],
          [
            80.223898,
            41.125496
          ],
          [
            80.22393,
            41.125855
          ],
          [
            80.223977,
            41.12617
          ],
          [
            80.224317,
            41.127161
          ],
          [
            80.226434,
            41.132709
          ],
          [
            80.226655,
            41.133144
          ],
          [
            80.226954,
            41.133636
          ],
          [
            80.227296,
            41.13412
          ],
          [
            80.227412,
            41.134246
          ],
          [
            80.227661,
            41.134516
          ],
          [
            80.227742,
            41.134598
          ],
          [
            80.227837,
            41.134696
          ],
          [
            80.228055,
            41.134918
          ],
          [
            80.22855,
            41.135338
          ],
          [
            80.229192,
            41.135788
          ],
          [
            80.229912,
            41.136199
          ],
          [
            80.230903,
            41.136643
          ],
          [
            80.233451,
            41.137661
          ],
          [
            80.237087,
            41.139031
          ],
          [
            80.238208,
            41.139438
          ],
          [
            80.238376,
            41.139486
          ],
          [
            80.238905,
            41.13965
          ],
          [
            80.244098,
            41.140944
          ],
          [
            80.244206,
            41.140972
          ],
          [
            80.24458,
            41.141066
          ],
          [
            80.246082,
            41.141458
          ],
          [
            80.247353,
            41.141824
          ],
          [
            80.250978,
            41.143147
          ],
          [
            80.251048,
            41.143173
          ],
          [
            80.255027,
            41.144642
          ],
          [
            80.256541,
            41.142326
          ],
          [
            80.257348,
            41.140999
          ],
          [
            80.257546,
            41.141076
          ],
          [
            80.258142,
            41.141376
          ]
        ]
      }
    },
    {
      "type": "Feature",
      "id": "route_spur_egerchi_aksu",
      "properties": {
        "kind": "spur",
        "label": "Egerchi → Aksu",
        "title": "Egerchi → Aksu",
        "description": "",
        "stroke": "#1a1208",
        "stroke-width": 5,
        "stroke-opacity": 0.9
      },
      "geometry": {
        "type": "LineString",
        "coordinates": [
          [
            80.258142,
            41.141376
          ],
          [
            80.257546,
            41.141076
          ],
          [
            80.257348,
            41.140999
          ],
          [
            80.256541,
            41.142326
          ],
          [
            80.255027,
            41.144642
          ],
          [
            80.257305,
            41.145473
          ],
          [
            80.258355,
            41.145807
          ],
          [
            80.259363,
            41.146084
          ],
          [
            80.259689,
            41.146173
          ],
          [
            80.26242,
            41.146923
          ],
          [
            80.264295,
            41.147442
          ],
          [
            80.265733,
            41.147836
          ],
          [
            80.265859,
            41.14787
          ],
          [
            80.266899,
            41.148179
          ],
          [
            80.267492,
            41.148332
          ],
          [
            80.271427,
            41.149432
          ],
          [
            80.271566,
            41.149468
          ],
          [
            80.271517,
            41.149552
          ],
          [
            80.267644,
            41.156185
          ],
          [
            80.267604,
            41.156253
          ],
          [
            80.267555,
            41.156336
          ],
          [
            80.265877,
            41.159243
          ],
          [
            80.265839,
            41.15931
          ],
          [
            80.264542,
            41.161521
          ],
          [
            80.264502,
            41.161589
          ],
          [
            80.263268,
            41.164407
          ],
          [
            80.26319,
            41.164563
          ],
          [
            80.260272,
            41.16826
          ],
          [
            80.260197,
            41.168362
          ],
          [
            80.260092,
            41.168319
          ],
          [
            80.258447,
            41.167636
          ]
        ]
      }
    },
    {
      "type": "Feature",
      "id": "route_seg_saparbay_singing-straights",
      "properties": {
        "kind": "route",
        "label": "Saparbay → Singing Straights",
        "title": "Saparbay → Singing Straights",
        "description": "",
        "stroke": "#1a1208",
        "stroke-width": 5,
        "stroke-opacity": 0.9
      },
      "geometry": {
        "type": "LineString",
        "coordinates": [
          [
            78.699941,
            40.97532
          ],
          [
            78.702375,
            40.975861
          ],
          [
            78.706016,
            40.976692
          ],
          [
            78.712636,
            40.97888
          ],
          [
            78.717387,
            40.98047
          ],
          [
            78.717534,
            40.980519
          ],
          [
            78.722357,
            40.982267
          ],
          [
            78.723025,
            40.982543
          ],
          [
            78.723542,
            40.982879
          ],
          [
            78.724085,
            40.983272
          ],
          [
            78.724523,
            40.983548
          ],
          [
            78.725461,
            40.984064
          ],
          [
            78.727065,
            40.984923
          ],
          [
            78.727664,
            40.985322
          ],
          [
            78.728063,
            40.98561
          ],
          [
            78.728641,
            40.986058
          ],
          [
            78.728915,
            40.986197
          ],
          [
            78.729172,
            40.986242
          ],
          [
            78.729469,
            40.986215
          ],
          [
            78.730482,
            40.985977
          ],
          [
            78.730721,
            40.985963
          ],
          [
            78.730922,
            40.985987
          ],
          [
            78.733459,
            40.986502
          ],
          [
            78.734264,
            40.986659
          ],
          [
            78.734812,
            40.986809
          ],
          [
            78.74543,
            40.990395
          ],
          [
            78.74652,
            40.990688
          ],
          [
            78.749429,
            40.991292
          ],
          [
            78.750654,
            40.991615
          ],
          [
            78.751977,
            40.992049
          ],
          [
            78.752814,
            40.992309
          ],
          [
            78.753374,
            40.992429
          ],
          [
            78.754373,
            40.992586
          ],
          [
            78.756585,
            40.9931
          ],
          [
            78.75908,
            40.993739
          ],
          [
            78.759698,
            40.994069
          ],
          [
            78.759831,
            40.994246
          ],
          [
            78.764073,
            40.994212
          ],
          [
            78.774665,
            40.995769
          ],
          [
            78.775674,
            40.995996
          ],
          [
            78.791035,
            41.003419
          ],
          [
            78.791933,
            41.003727
          ],
          [
            78.793012,
            41.003997
          ],
          [
            78.793904,
            41.004154
          ],
          [
            78.799224,
            41.004753
          ],
          [
            78.800041,
            41.00481
          ],
          [
            78.803032,
            41.00482
          ],
          [
            78.80367,
            41.004917
          ],
          [
            78.804262,
            41.005126
          ],
          [
            78.807612,
            41.006931
          ],
          [
            78.808143,
            41.00731
          ],
          [
            78.815697,
            41.014063
          ],
          [
            78.815974,
            41.014456
          ],
          [
            78.816988,
            41.01713
          ],
          [
            78.817169,
            41.017335
          ],
          [
            78.817398,
            41.017456
          ],
          [
            78.817683,
            41.017506
          ],
          [
            78.818766,
            41.017291
          ],
          [
            78.819699,
            41.016857
          ],
          [
            78.820626,
            41.016273
          ],
          [
            78.821044,
            41.016168
          ],
          [
            78.821495,
            41.016174
          ],
          [
            78.822971,
            41.016504
          ],
          [
            78.823904,
            41.017388
          ],
          [
            78.82422,
            41.017451
          ],
          [
            78.828358,
            41.017238
          ],
          [
            78.829143,
            41.01733
          ],
          [
            78.831462,
            41.017775
          ],
          [
            78.832235,
            41.018046
          ],
          [
            78.837012,
            41.020496
          ],
          [
            78.837341,
            41.020596
          ],
          [
            78.838757,
            41.020791
          ],
          [
            78.839468,
            41.020965
          ],
          [
            78.84283,
            41.021919
          ],
          [
            78.851148,
            41.024061
          ],
          [
            78.858428,
            41.026056
          ],
          [
            78.858889,
            41.026243
          ],
          [
            78.859364,
            41.026556
          ],
          [
            78.869363,
            41.037077
          ],
          [
            78.870083,
            41.03756
          ],
          [
            78.882193,
            41.044822
          ],
          [
            78.883123,
            41.045139
          ],
          [
            78.883684,
            41.045255
          ],
          [
            78.888259,
            41.045611
          ],
          [
            78.888642,
            41.045678
          ],
          [
            78.888906,
            41.045805
          ],
          [
            78.889134,
            41.045998
          ],
          [
            78.889299,
            41.046244
          ],
          [
            78.891264,
            41.050239
          ],
          [
            78.891552,
            41.050478
          ],
          [
            78.891871,
            41.050577
          ],
          [
            78.892279,
            41.050562
          ],
          [
            78.895368,
            41.05026
          ],
          [
            78.895978,
            41.050267
          ],
          [
            78.896707,
            41.050406
          ],
          [
            78.897242,
            41.050603
          ],
          [
            78.898733,
            41.051434
          ],
          [
            78.904994,
            41.05518
          ],
          [
            78.907315,
            41.057484
          ],
          [
            78.909702,
            41.059918
          ],
          [
            78.910807,
            41.0587
          ],
          [
            78.911391,
            41.059065
          ]
        ]
      }
    }
  ]
}